{"name": "microbench_tests", "gem5_binary": "/data/home/rwa116/Project/CMPT750-Proj/build/X86/gem5.opt", "run_script": "gem5-config/run_micro.py", "params": ["DefaultO3", "Slow", "PerceptronBP", "microbenchmark/ED1/bench.X86"], "timeout": 900, "_id": "fe4f495d-8871-4253-8b59-2300a4a9a280", "outdir": "/data/home/rwa116/Project/CMPT750-Proj-Benchmark/results/X86/run_micro/ED1/DefaultO3/Slow/PerceptronBP", "gem5_name": "X86", "script_name": "run_micro", "running": false, "enqueue_time": 1698956579.7988725, "start_time": 1698956579.8561544, "end_time": 1698956584.8867602, "return_code": 0, "kill_reason": "", "status": "Finished", "pid": 2894104, "task_id": null, "results": null, "string": "X86 run_microDefaultO3 Slow PerceptronBP microbenchmark/ED1/bench.X86", "command": ["/data/home/rwa116/Project/CMPT750-Proj/build/X86/gem5.opt", "-re", "--outdir=/data/home/rwa116/Project/CMPT750-Proj-Benchmark/results/X86/run_micro/ED1/DefaultO3/Slow/PerceptronBP", "gem5-config/run_micro.py", "DefaultO3", "Slow", "PerceptronBP", "microbenchmark/ED1/bench.X86"], "hash": "e56b10e153ace41986d4f5ea9b5382e5", "type": "gem5 run", "current_time": 1698956579.8703535}