{"name": "microbench_tests", "gem5_binary": "/data/home/rwa116/Project/CMPT750-Proj/build/X86/gem5.opt", "run_script": "gem5-config/run_micro.py", "params": ["DefaultO3", "Slow", "AlwaysTakenBP", "microbenchmark/MI/bench.X86"], "timeout": 900, "_id": "4ad2c167-c063-4d7c-b592-006457a556ac", "outdir": "/data/home/rwa116/Project/CMPT750-Proj-Benchmark/results/X86/run_micro/MI/DefaultO3/Slow/AlwaysTakenBP", "gem5_name": "X86", "script_name": "run_micro", "running": false, "enqueue_time": 1698956579.8064365, "start_time": 1698956584.8904254, "end_time": 1698956589.9066467, "return_code": 0, "kill_reason": "", "status": "Finished", "pid": 2894123, "task_id": null, "results": null, "string": "X86 run_microDefaultO3 Slow AlwaysTakenBP microbenchmark/MI/bench.X86", "command": ["/data/home/rwa116/Project/CMPT750-Proj/build/X86/gem5.opt", "-re", "--outdir=/data/home/rwa116/Project/CMPT750-Proj-Benchmark/results/X86/run_micro/MI/DefaultO3/Slow/AlwaysTakenBP", "gem5-config/run_micro.py", "DefaultO3", "Slow", "AlwaysTakenBP", "microbenchmark/MI/bench.X86"], "hash": "8fc8650757b107e9dd487f5ed79e1e6d", "type": "gem5 run", "current_time": 1698956584.900173}