{"name": "microbench_tests", "gem5_binary": "/data/home/rwa116/Project/CMPT750-Proj/build/X86/gem5.opt", "run_script": "/data/home/rwa116/Project/CMPT750-Proj/configs/example/se.py", "params": ["--cpu-type=DerivO3CPU", "--caches", "--l2cache", "--l1d_size=32kB", "--l1i_size=32kB", "--l2_size=512kB", "--bp-type=BiModeBP", "--param=system.cpu[:].branchPred.choicePredictorSize=16384", "--param=system.cpu[:].branchPred.globalPredictorSize=16384", "--cmd=/data/home/rwa116/Project/spec/benchspec/CPU/641.leela_s/build/build_base_mytest-m64.0000/leela_s", "--options=ref.sgf > ref.out 2>> ref.err", "--sys-clock=4GHz", "--warmup-insts=1000000", "--maxinsts=10000000"], "timeout": 7200, "_id": "1edb4d64-909f-427e-9c44-6b6bca1553cd", "outdir": "/data/home/rwa116/Project/CMPT750-Proj-Benchmark/results/10M/X86/spec2017/641.leela_s/DerivO3CPU/16K_BiModeBP", "gem5_name": "X86", "script_name": "se", "running": false, "enqueue_time": 1700173169.0679202, "start_time": 1700173169.0691164, "end_time": 1700173304.226901, "return_code": 0, "kill_reason": "", "status": "Finished", "pid": 742843, "task_id": null, "results": null, "string": "X86 se--cpu-type=DerivO3CPU --caches --l2cache --l1d_size=32kB --l1i_size=32kB --l2_size=512kB --bp-type=BiModeBP --param=system.cpu[:].branchPred.choicePredictorSize=16384 --param=system.cpu[:].branchPred.globalPredictorSize=16384 --cmd=/data/home/rwa116/Project/spec/benchspec/CPU/641.leela_s/build/build_base_mytest-m64.0000/leela_s --options=ref.sgf > ref.out 2>> ref.err --sys-clock=4GHz --warmup-insts=1000000 --maxinsts=10000000", "command": ["/data/home/rwa116/Project/CMPT750-Proj/build/X86/gem5.opt", "-re", "--outdir=/data/home/rwa116/Project/CMPT750-Proj-Benchmark/results/10M/X86/spec2017/641.leela_s/DerivO3CPU/16K_BiModeBP", "/data/home/rwa116/Project/CMPT750-Proj/configs/example/se.py", "--cpu-type=DerivO3CPU", "--caches", "--l2cache", "--l1d_size=32kB", "--l1i_size=32kB", "--l2_size=512kB", "--bp-type=BiModeBP", "--param=system.cpu[:].branchPred.choicePredictorSize=16384", "--param=system.cpu[:].branchPred.globalPredictorSize=16384", "--cmd=/data/home/rwa116/Project/spec/benchspec/CPU/641.leela_s/build/build_base_mytest-m64.0000/leela_s", "--options=ref.sgf > ref.out 2>> ref.err", "--sys-clock=4GHz", "--warmup-insts=1000000", "--maxinsts=10000000"], "hash": "99b6e6bf33dafa8d2f88fc28d09c3b28", "type": "gem5 run", "current_time": 1700173299.2225304}