{"name": "microbench_tests", "gem5_binary": "/data/home/rwa116/Project/CMPT750-Proj/build/X86/gem5.opt", "run_script": "/data/home/rwa116/Project/CMPT750-Proj/configs/example/se.py", "params": ["--cpu-type=DerivO3CPU", "--caches", "--l2cache", "--l1d_size=32kB", "--l1i_size=32kB", "--l2_size=512kB", "--bp-type=PerceptronBP", "--param=system.cpu[:].branchPred.globalHistorySize=34", "--param=system.cpu[:].branchPred.perceptronTableSize=240", "--param=system.cpu[:].branchPred.maxWeight=7", "--param=system.cpu[:].branchPred.minWeight=-8", "--param=system.cpu[:].branchPred.threshold=39", "--cmd=/data/home/rwa116/Project/spec/benchspec/CPU/605.mcf_s/build/build_base_mytest-m64.0000/mcf_s", "--options=inp.in  > inp.out 2>> inp.err", "--sys-clock=4GHz", "--warmup-insts=1000000", "--maxinsts=100000000"], "timeout": 7200, "_id": "0b4891ac-a234-4bdf-9e8f-0e58dc77dd1b", "outdir": "/data/home/rwa116/Project/CMPT750-Proj-Benchmark/results/100M/X86/spec2017/605.mcf_s/DerivO3CPU/4K_PerceptronBP_ghs-34_pts-240_wgh-4", "gem5_name": "X86", "script_name": "se", "running": false, "enqueue_time": 1700949567.4226038, "start_time": 1700949567.4252954, "end_time": 1700950863.744055, "return_code": 0, "kill_reason": "", "status": "Finished", "pid": 1557361, "task_id": null, "results": null, "string": "X86 se--cpu-type=DerivO3CPU --caches --l2cache --l1d_size=32kB --l1i_size=32kB --l2_size=512kB --bp-type=PerceptronBP --param=system.cpu[:].branchPred.globalHistorySize=34 --param=system.cpu[:].branchPred.perceptronTableSize=240 --param=system.cpu[:].branchPred.maxWeight=7 --param=system.cpu[:].branchPred.minWeight=-8 --param=system.cpu[:].branchPred.threshold=39 --cmd=/data/home/rwa116/Project/spec/benchspec/CPU/605.mcf_s/build/build_base_mytest-m64.0000/mcf_s --options=inp.in  > inp.out 2>> inp.err --sys-clock=4GHz --warmup-insts=1000000 --maxinsts=100000000", "command": ["/data/home/rwa116/Project/CMPT750-Proj/build/X86/gem5.opt", "-re", "--outdir=/data/home/rwa116/Project/CMPT750-Proj-Benchmark/results/100M/X86/spec2017/605.mcf_s/DerivO3CPU/4K_PerceptronBP_ghs-34_pts-240_wgh-4", "/data/home/rwa116/Project/CMPT750-Proj/configs/example/se.py", "--cpu-type=DerivO3CPU", "--caches", "--l2cache", "--l1d_size=32kB", "--l1i_size=32kB", "--l2_size=512kB", "--bp-type=PerceptronBP", "--param=system.cpu[:].branchPred.globalHistorySize=34", "--param=system.cpu[:].branchPred.perceptronTableSize=240", "--param=system.cpu[:].branchPred.maxWeight=7", "--param=system.cpu[:].branchPred.minWeight=-8", "--param=system.cpu[:].branchPred.threshold=39", "--cmd=/data/home/rwa116/Project/spec/benchspec/CPU/605.mcf_s/build/build_base_mytest-m64.0000/mcf_s", "--options=inp.in  > inp.out 2>> inp.err", "--sys-clock=4GHz", "--warmup-insts=1000000", "--maxinsts=100000000"], "hash": "93f1d8e2bccc4f228bb5aaea90adacf8", "type": "gem5 run", "current_time": 1700950858.7398195}