{"name": "microbench_tests", "gem5_binary": "/data/home/rwa116/Project/CMPT750-Proj/build/X86/gem5.opt", "run_script": "/data/home/rwa116/Project/CMPT750-Proj/configs/example/se.py", "params": ["--cpu-type=DerivO3CPU", "--caches", "--l2cache", "--l1d_size=32kB", "--l1i_size=32kB", "--l2_size=512kB", "--bp-type=PerceptronBP", "--param=system.cpu[:].branchPred.globalHistorySize=59", "--param=system.cpu[:].branchPred.perceptronTableSize=1110", "--param=system.cpu[:].branchPred.maxWeight=2147483647", "--param=system.cpu[:].branchPred.minWeight=-2147483648", "--param=system.cpu[:].branchPred.threshold=127", "--cmd=/data/home/rwa116/Project/spec/benchspec/CPU/605.mcf_s/build/build_base_mytest-m64.0000/mcf_s", "--options=inp.in  > inp.out 2>> inp.err", "--sys-clock=4GHz", "--warmup-insts=1000000", "--maxinsts=100000000"], "timeout": 7200, "_id": "f10b0941-13c0-4997-8de7-5e8f61d1a408", "outdir": "/data/home/rwa116/Project/CMPT750-Proj-Benchmark/results/100M/X86/spec2017/605.mcf_s/DerivO3CPU/64K_PerceptronBP_ghs-59_pts-1110_wgh-32", "gem5_name": "X86", "script_name": "se", "running": false, "enqueue_time": 1700192118.4076393, "start_time": 1700192118.4109223, "end_time": 1700193335.3457208, "return_code": 0, "kill_reason": "", "status": "Finished", "pid": 828734, "task_id": null, "results": null, "string": "X86 se--cpu-type=DerivO3CPU --caches --l2cache --l1d_size=32kB --l1i_size=32kB --l2_size=512kB --bp-type=PerceptronBP --param=system.cpu[:].branchPred.globalHistorySize=59 --param=system.cpu[:].branchPred.perceptronTableSize=1110 --param=system.cpu[:].branchPred.maxWeight=2147483647 --param=system.cpu[:].branchPred.minWeight=-2147483648 --param=system.cpu[:].branchPred.threshold=127 --cmd=/data/home/rwa116/Project/spec/benchspec/CPU/605.mcf_s/build/build_base_mytest-m64.0000/mcf_s --options=inp.in  > inp.out 2>> inp.err --sys-clock=4GHz --warmup-insts=1000000 --maxinsts=100000000", "command": ["/data/home/rwa116/Project/CMPT750-Proj/build/X86/gem5.opt", "-re", "--outdir=/data/home/rwa116/Project/CMPT750-Proj-Benchmark/results/100M/X86/spec2017/605.mcf_s/DerivO3CPU/64K_PerceptronBP_ghs-59_pts-1110_wgh-32", "/data/home/rwa116/Project/CMPT750-Proj/configs/example/se.py", "--cpu-type=DerivO3CPU", "--caches", "--l2cache", "--l1d_size=32kB", "--l1i_size=32kB", "--l2_size=512kB", "--bp-type=PerceptronBP", "--param=system.cpu[:].branchPred.globalHistorySize=59", "--param=system.cpu[:].branchPred.perceptronTableSize=1110", "--param=system.cpu[:].branchPred.maxWeight=2147483647", "--param=system.cpu[:].branchPred.minWeight=-2147483648", "--param=system.cpu[:].branchPred.threshold=127", "--cmd=/data/home/rwa116/Project/spec/benchspec/CPU/605.mcf_s/build/build_base_mytest-m64.0000/mcf_s", "--options=inp.in  > inp.out 2>> inp.err", "--sys-clock=4GHz", "--warmup-insts=1000000", "--maxinsts=100000000"], "hash": "7042b1ccc88062795a0089fca7fe9b9e", "type": "gem5 run", "current_time": 1700193330.338575}