{"name": "microbench_tests", "gem5_binary": "/data/home/rwa116/Project/CMPT750-Proj/build/X86/gem5.opt", "run_script": "gem5-config/run_micro.py", "params": ["DefaultO3", "Slow", "LTAGE", "microbenchmark/MI/bench.X86"], "timeout": 900, "_id": "125f9c7f-e905-49c3-a3c9-8bf5350324f1", "outdir": "/data/home/rwa116/Project/CMPT750-Proj-Benchmark/results/X86/run_micro/MI/DefaultO3/Slow/LTAGE", "gem5_name": "X86", "script_name": "run_micro", "running": false, "enqueue_time": 1698956579.8054953, "start_time": 1698956584.889568, "end_time": 1698956589.9193769, "return_code": 0, "kill_reason": "", "status": "Finished", "pid": 2894129, "task_id": null, "results": null, "string": "X86 run_microDefaultO3 Slow LTAGE microbenchmark/MI/bench.X86", "command": ["/data/home/rwa116/Project/CMPT750-Proj/build/X86/gem5.opt", "-re", "--outdir=/data/home/rwa116/Project/CMPT750-Proj-Benchmark/results/X86/run_micro/MI/DefaultO3/Slow/LTAGE", "gem5-config/run_micro.py", "DefaultO3", "Slow", "LTAGE", "microbenchmark/MI/bench.X86"], "hash": "84d76a35eb42d184d0d606ddd49057cf", "type": "gem5 run", "current_time": 1698956584.9120038}