{"name": "microbench_tests", "gem5_binary": "/data/home/rwa116/Project/CMPT750-Proj/build/X86/gem5.opt", "run_script": "gem5-config/run_micro.py", "params": ["DefaultO3", "Slow", "PerceptronBP", "microbenchmark/CCa/bench.X86"], "timeout": 900, "_id": "ae283091-2dd1-45b9-b577-b47b26e01cda", "outdir": "/data/home/rwa116/Project/CMPT750-Proj-Benchmark/results/X86/run_micro/CCa/DefaultO3/Slow/PerceptronBP", "gem5_name": "X86", "script_name": "run_micro", "running": false, "enqueue_time": 1698956579.801655, "start_time": 1698956579.8586023, "end_time": 1698956584.8713915, "return_code": 0, "kill_reason": "", "status": "Finished", "pid": 2894102, "task_id": null, "results": null, "string": "X86 run_microDefaultO3 Slow PerceptronBP microbenchmark/CCa/bench.X86", "command": ["/data/home/rwa116/Project/CMPT750-Proj/build/X86/gem5.opt", "-re", "--outdir=/data/home/rwa116/Project/CMPT750-Proj-Benchmark/results/X86/run_micro/CCa/DefaultO3/Slow/PerceptronBP", "gem5-config/run_micro.py", "DefaultO3", "Slow", "PerceptronBP", "microbenchmark/CCa/bench.X86"], "hash": "6b8898d919c786bfcc23e9ced9727f77", "type": "gem5 run", "current_time": 1698956579.864418}