{"name": "microbench_tests", "gem5_binary": "/data/home/jiatangz/CMPT750-Proj/build/X86/gem5.opt", "run_script": "/data/home/jiatangz/CMPT750-Proj/configs/example/se.py", "params": ["--cpu-type=DerivO3CPU", "--caches", "--l2cache", "--l1d_size=32kB", "--l1i_size=32kB", "--l2_size=512kB", "--bp-type=LTAGE", "--cmd=/data/home/jiatangz/spec2017/benchspec/CPU/602.gcc_s/build/build_base_mytest-m64.0000/gcc_s", "--options=gcc-pp.c -O5 -fipa-pta -o gcc-pp.opts-O5_-fipa-pta.s > gcc-pp.opts-O5_-fipa-pta.out 2>> gcc-pp.opts-O5_-fipa-pta.err", "--sys-clock=4GHz", "--warmup-insts=1000000", "--maxinsts=10000000"], "timeout": 900, "_id": "9e29f3c7-c537-4356-84a5-06edd0a50cd4", "outdir": "/data/home/jiatangz/CMPT750-Proj-Benchmark/results/X86/spec2017/602.gcc_s/DerivO3CPU/LTAGE", "gem5_name": "X86", "script_name": "se", "running": false, "enqueue_time": 1700676920.193791, "start_time": 1700676920.1956983, "end_time": 1700677155.4268217, "return_code": 0, "kill_reason": "", "status": "Finished", "pid": 1469731, "task_id": null, "results": null, "string": "X86 se--cpu-type=DerivO3CPU --caches --l2cache --l1d_size=32kB --l1i_size=32kB --l2_size=512kB --bp-type=LTAGE --cmd=/data/home/jiatangz/spec2017/benchspec/CPU/602.gcc_s/build/build_base_mytest-m64.0000/gcc_s --options=gcc-pp.c -O5 -fipa-pta -o gcc-pp.opts-O5_-fipa-pta.s > gcc-pp.opts-O5_-fipa-pta.out 2>> gcc-pp.opts-O5_-fipa-pta.err --sys-clock=4GHz --warmup-insts=1000000 --maxinsts=10000000", "command": ["/data/home/jiatangz/CMPT750-Proj/build/X86/gem5.opt", "-re", "--outdir=/data/home/jiatangz/CMPT750-Proj-Benchmark/results/X86/spec2017/602.gcc_s/DerivO3CPU/LTAGE", "/data/home/jiatangz/CMPT750-Proj/configs/example/se.py", "--cpu-type=DerivO3CPU", "--caches", "--l2cache", "--l1d_size=32kB", "--l1i_size=32kB", "--l2_size=512kB", "--bp-type=LTAGE", "--cmd=/data/home/jiatangz/spec2017/benchspec/CPU/602.gcc_s/build/build_base_mytest-m64.0000/gcc_s", "--options=gcc-pp.c -O5 -fipa-pta -o gcc-pp.opts-O5_-fipa-pta.s > gcc-pp.opts-O5_-fipa-pta.out 2>> gcc-pp.opts-O5_-fipa-pta.err", "--sys-clock=4GHz", "--warmup-insts=1000000", "--maxinsts=10000000"], "hash": "5d7167b133e2c5e4517148fa25a8304c", "type": "gem5 run", "current_time": 1700677150.422518}