{"name": "microbench_tests", "gem5_binary": "/data/home/rwa116/Project/CMPT750-Proj/build/X86/gem5.opt", "run_script": "gem5-config/run_micro.py", "params": ["DefaultO3", "Slow", "LTAGE", "/data/home/rwa116/Project/spec/benchspec/CPU/619.lbm_s/build/build_base_mytest-m64.0000/lbm_s", ""], "timeout": 900, "_id": "db358a35-b9ef-433d-bb9d-ee8c7a7da296", "outdir": "/data/home/rwa116/Project/CMPT750-Proj-Benchmark/results/X86/run_micro/619.lbm_s/DefaultO3/Slow/LTAGE", "gem5_name": "X86", "script_name": "run_micro", "running": false, "enqueue_time": 1699146507.242411, "start_time": 1699146507.306166, "end_time": 1699146517.3299446, "return_code": 1, "kill_reason": "", "status": "Failed", "pid": 3205267, "task_id": null, "results": null, "string": "X86 run_microDefaultO3 Slow LTAGE /data/home/rwa116/Project/spec/benchspec/CPU/619.lbm_s/build/build_base_mytest-m64.0000/lbm_s ", "command": ["/data/home/rwa116/Project/CMPT750-Proj/build/X86/gem5.opt", "-re", "--outdir=/data/home/rwa116/Project/CMPT750-Proj-Benchmark/results/X86/run_micro/619.lbm_s/DefaultO3/Slow/LTAGE", "gem5-config/run_micro.py", "DefaultO3", "Slow", "LTAGE", "/data/home/rwa116/Project/spec/benchspec/CPU/619.lbm_s/build/build_base_mytest-m64.0000/lbm_s", ""], "hash": "7ba9b38efb4eff6d003fe96965c55c04", "type": "gem5 run", "current_time": 1699146512.3230581}