{"name": "microbench_tests", "gem5_binary": "/data/home/rwa116/Project/CMPT750-Proj/build/X86/gem5.opt", "run_script": "gem5-config/run_micro.py", "params": ["DefaultO3", "Slow", "LTAGE", "microbenchmark/CCl/bench.X86"], "timeout": 900, "_id": "ee37c37a-93d0-4c22-9cd7-ef059e344bbf", "outdir": "/data/home/rwa116/Project/CMPT750-Proj-Benchmark/results/X86/run_micro/CCl/DefaultO3/Slow/LTAGE", "gem5_name": "X86", "script_name": "run_micro", "running": false, "enqueue_time": 1698956579.8082733, "start_time": 1698956584.8952086, "end_time": 1698956589.9058976, "return_code": 0, "kill_reason": "", "status": "Finished", "pid": 2894125, "task_id": null, "results": null, "string": "X86 run_microDefaultO3 Slow LTAGE microbenchmark/CCl/bench.X86", "command": ["/data/home/rwa116/Project/CMPT750-Proj/build/X86/gem5.opt", "-re", "--outdir=/data/home/rwa116/Project/CMPT750-Proj-Benchmark/results/X86/run_micro/CCl/DefaultO3/Slow/LTAGE", "gem5-config/run_micro.py", "DefaultO3", "Slow", "LTAGE", "microbenchmark/CCl/bench.X86"], "hash": "56a749892d329246e269874ed6c61241", "type": "gem5 run", "current_time": 1698956584.8995662}