{"name": "microbench_tests", "gem5_binary": "/data/home/rwa116/Project/CMPT750-Proj/build/X86/gem5.opt", "run_script": "/data/home/rwa116/Project/CMPT750-Proj/configs/example/se.py", "params": ["--cpu-type=DerivO3CPU", "--caches", "--l2cache", "--l1d_size=32kB", "--l1i_size=32kB", "--l2_size=512kB", "--bp-type=PerceptronBP", "--param=system.cpu[:].branchPred.globalHistorySize=62", "--param=system.cpu[:].branchPred.perceptronTableSize=2114", "--param=system.cpu[:].branchPred.maxWeight=127", "--param=system.cpu[:].branchPred.minWeight=-128", "--param=system.cpu[:].branchPred.threshold=133", "--cmd=/data/home/rwa116/Project/spec/benchspec/CPU/605.mcf_s/build/build_base_mytest-m64.0000/mcf_s", "--options=inp.in  > inp.out 2>> inp.err", "--sys-clock=4GHz", "--warmup-insts=1000000", "--maxinsts=30000000"], "timeout": 900, "_id": "8d3c18e8-f078-4cca-af9d-657e95589b74", "outdir": "/data/home/rwa116/Project/CMPT750-Proj-Benchmark/results/X86/spec2017/605.mcf_s/DerivO3CPU/128K_PerceptronBP_ghs-62_pts-2114", "gem5_name": "X86", "script_name": "se", "running": false, "enqueue_time": 1700093517.3122087, "start_time": 1700093517.3139927, "end_time": 1700093922.6656055, "return_code": 0, "kill_reason": "", "status": "Finished", "pid": 666122, "task_id": null, "results": null, "string": "X86 se--cpu-type=DerivO3CPU --caches --l2cache --l1d_size=32kB --l1i_size=32kB --l2_size=512kB --bp-type=PerceptronBP --param=system.cpu[:].branchPred.globalHistorySize=62 --param=system.cpu[:].branchPred.perceptronTableSize=2114 --param=system.cpu[:].branchPred.maxWeight=127 --param=system.cpu[:].branchPred.minWeight=-128 --param=system.cpu[:].branchPred.threshold=133 --cmd=/data/home/rwa116/Project/spec/benchspec/CPU/605.mcf_s/build/build_base_mytest-m64.0000/mcf_s --options=inp.in  > inp.out 2>> inp.err --sys-clock=4GHz --warmup-insts=1000000 --maxinsts=30000000", "command": ["/data/home/rwa116/Project/CMPT750-Proj/build/X86/gem5.opt", "-re", "--outdir=/data/home/rwa116/Project/CMPT750-Proj-Benchmark/results/X86/spec2017/605.mcf_s/DerivO3CPU/128K_PerceptronBP_ghs-62_pts-2114", "/data/home/rwa116/Project/CMPT750-Proj/configs/example/se.py", "--cpu-type=DerivO3CPU", "--caches", "--l2cache", "--l1d_size=32kB", "--l1i_size=32kB", "--l2_size=512kB", "--bp-type=PerceptronBP", "--param=system.cpu[:].branchPred.globalHistorySize=62", "--param=system.cpu[:].branchPred.perceptronTableSize=2114", "--param=system.cpu[:].branchPred.maxWeight=127", "--param=system.cpu[:].branchPred.minWeight=-128", "--param=system.cpu[:].branchPred.threshold=133", "--cmd=/data/home/rwa116/Project/spec/benchspec/CPU/605.mcf_s/build/build_base_mytest-m64.0000/mcf_s", "--options=inp.in  > inp.out 2>> inp.err", "--sys-clock=4GHz", "--warmup-insts=1000000", "--maxinsts=30000000"], "hash": "d13fe8d5422e7b027d3153d40f750e23", "type": "gem5 run", "current_time": 1700093917.6585107}