{"name": "microbench_tests", "gem5_binary": "/data/home/rwa116/Project/CMPT750-Proj/build/X86/gem5.opt", "run_script": "gem5-config/run_micro.py", "params": ["DefaultO3", "Slow", "PerceptronBP", "/data/home/rwa116/Project/spec/benchspec/CPU/500.perlbench_r/build/build_base_mytest-m64.0000/perlbench_r", " -I./lib /data/home/rwa116/Project/spec/benchspec/CPU/benchspec/CPU/500.perlbench_r/run/run_base_refrate_mytest-m64.0000/checkspam.pl 2500 5 25 11 150 1 1 1 1"], "timeout": 900, "_id": "83e4ae59-52e9-4008-9d5e-4343b96fa742", "outdir": "/data/home/rwa116/Project/CMPT750-Proj-Benchmark/results/X86/run_micro/500.perlbench_r/DefaultO3/Slow/PerceptronBP", "gem5_name": "X86", "script_name": "run_micro", "running": false, "enqueue_time": 1699144663.4546325, "start_time": 1699144663.498667, "end_time": 1699144678.6094239, "return_code": 0, "kill_reason": "", "status": "Finished", "pid": 3188677, "task_id": null, "results": null, "string": "X86 run_microDefaultO3 Slow PerceptronBP /data/home/rwa116/Project/spec/benchspec/CPU/500.perlbench_r/build/build_base_mytest-m64.0000/perlbench_r  -I./lib /data/home/rwa116/Project/spec/benchspec/CPU/benchspec/CPU/500.perlbench_r/run/run_base_refrate_mytest-m64.0000/checkspam.pl 2500 5 25 11 150 1 1 1 1", "command": ["/data/home/rwa116/Project/CMPT750-Proj/build/X86/gem5.opt", "-re", "--outdir=/data/home/rwa116/Project/CMPT750-Proj-Benchmark/results/X86/run_micro/500.perlbench_r/DefaultO3/Slow/PerceptronBP", "gem5-config/run_micro.py", "DefaultO3", "Slow", "PerceptronBP", "/data/home/rwa116/Project/spec/benchspec/CPU/500.perlbench_r/build/build_base_mytest-m64.0000/perlbench_r", " -I./lib /data/home/rwa116/Project/spec/benchspec/CPU/benchspec/CPU/500.perlbench_r/run/run_base_refrate_mytest-m64.0000/checkspam.pl 2500 5 25 11 150 1 1 1 1"], "hash": "b570197336627361476c7335234ea2ee", "type": "gem5 run", "current_time": 1699144673.60253}