{"name": "microbench_tests", "gem5_binary": "/data/home/jiatangz/CMPT750-Proj/build/X86/gem5.opt", "run_script": "/data/home/jiatangz/CMPT750-Proj/configs/example/se.py", "params": ["--cpu-type=DerivO3CPU", "--caches", "--l2cache", "--l1d_size=32kB", "--l1i_size=32kB", "--l2_size=512kB", "--bp-type=PerceptronForestBP", "--param=system.cpu[:].branchPred.globalHistorySize=64", "--param=system.cpu[:].branchPred.perceptronTableSize=1024", "--param=system.cpu[:].branchPred.perceptronNum=11", "--param=system.cpu[:].branchPred.maxWeight=128", "--param=system.cpu[:].branchPred.minWeight=-128", "--param=system.cpu[:].branchPred.avgPerceptronLength=14", "--cmd=/data/home/jiatangz/spec2017/benchspec/CPU/605.mcf_s/build/build_base_mytest-m64.0000/mcf_s", "--options=inp.in  > inp.out 2>> inp.err", "--sys-clock=4GHz", "--warmup-insts=1000000", "--maxinsts=10000000"], "timeout": 900, "_id": "7817b481-7f7e-42bf-945e-4d1974dfc50d", "outdir": "/data/home/jiatangz/CMPT750-Proj-Benchmark/results/X86/spec2017/605.mcf_s/DerivO3CPU/PerceptronForestBP", "gem5_name": "X86", "script_name": "se", "running": false, "enqueue_time": 1700677095.4203281, "start_time": 1700677095.4220438, "end_time": 1700677275.5889833, "return_code": 0, "kill_reason": "", "status": "Finished", "pid": 1470242, "task_id": null, "results": null, "string": "X86 se--cpu-type=DerivO3CPU --caches --l2cache --l1d_size=32kB --l1i_size=32kB --l2_size=512kB --bp-type=PerceptronForestBP --param=system.cpu[:].branchPred.globalHistorySize=64 --param=system.cpu[:].branchPred.perceptronTableSize=1024 --param=system.cpu[:].branchPred.perceptronNum=11 --param=system.cpu[:].branchPred.maxWeight=128 --param=system.cpu[:].branchPred.minWeight=-128 --param=system.cpu[:].branchPred.avgPerceptronLength=14 --cmd=/data/home/jiatangz/spec2017/benchspec/CPU/605.mcf_s/build/build_base_mytest-m64.0000/mcf_s --options=inp.in  > inp.out 2>> inp.err --sys-clock=4GHz --warmup-insts=1000000 --maxinsts=10000000", "command": ["/data/home/jiatangz/CMPT750-Proj/build/X86/gem5.opt", "-re", "--outdir=/data/home/jiatangz/CMPT750-Proj-Benchmark/results/X86/spec2017/605.mcf_s/DerivO3CPU/PerceptronForestBP", "/data/home/jiatangz/CMPT750-Proj/configs/example/se.py", "--cpu-type=DerivO3CPU", "--caches", "--l2cache", "--l1d_size=32kB", "--l1i_size=32kB", "--l2_size=512kB", "--bp-type=PerceptronForestBP", "--param=system.cpu[:].branchPred.globalHistorySize=64", "--param=system.cpu[:].branchPred.perceptronTableSize=1024", "--param=system.cpu[:].branchPred.perceptronNum=11", "--param=system.cpu[:].branchPred.maxWeight=128", "--param=system.cpu[:].branchPred.minWeight=-128", "--param=system.cpu[:].branchPred.avgPerceptronLength=14", "--cmd=/data/home/jiatangz/spec2017/benchspec/CPU/605.mcf_s/build/build_base_mytest-m64.0000/mcf_s", "--options=inp.in  > inp.out 2>> inp.err", "--sys-clock=4GHz", "--warmup-insts=1000000", "--maxinsts=10000000"], "hash": "9b0b27b9eaebab514bcbf8e65c48ffce", "type": "gem5 run", "current_time": 1700677270.5825136}