{"name": "microbench_tests", "gem5_binary": "/data/home/rwa116/Project/CMPT750-Proj/build/X86/gem5.opt", "run_script": "gem5-config/run_micro.py", "params": ["DefaultO3", "Slow", "PerceptronBP", "microbenchmark/EI/bench.X86"], "timeout": 900, "_id": "4823c8c6-2e8c-4522-9324-b7cb30eded7d", "outdir": "/data/home/rwa116/Project/CMPT750-Proj-Benchmark/results/X86/run_micro/EI/DefaultO3/Slow/PerceptronBP", "gem5_name": "X86", "script_name": "run_micro", "running": false, "enqueue_time": 1698956579.8045642, "start_time": 1698956584.8874948, "end_time": 1698956589.9011202, "return_code": 0, "kill_reason": "", "status": "Finished", "pid": 2894122, "task_id": null, "results": null, "string": "X86 run_microDefaultO3 Slow PerceptronBP microbenchmark/EI/bench.X86", "command": ["/data/home/rwa116/Project/CMPT750-Proj/build/X86/gem5.opt", "-re", "--outdir=/data/home/rwa116/Project/CMPT750-Proj-Benchmark/results/X86/run_micro/EI/DefaultO3/Slow/PerceptronBP", "gem5-config/run_micro.py", "DefaultO3", "Slow", "PerceptronBP", "microbenchmark/EI/bench.X86"], "hash": "e8e1f5f0ce52ad7f2907cb8fd4b4dd30", "type": "gem5 run", "current_time": 1698956584.894659}