{"name": "microbench_tests", "gem5_binary": "/data/home/rwa116/Project/CMPT750-Proj/build/X86/gem5.opt", "run_script": "gem5-config/run_micro.py", "params": ["DefaultO3", "Slow", "LTAGE", "/data/home/rwa116/Project/spec/benchspec/CPU/500.perlbench_r/build/build_base_mytest-m64.0000/perlbench_r", " -I./lib /data/home/rwa116/Project/spec/benchspec/CPU/benchspec/CPU/500.perlbench_r/run/run_base_refrate_mytest-m64.0000/checkspam.pl 2500 5 25 11 150 1 1 1 1"], "timeout": 900, "_id": "44c146ce-1b4a-43a4-b771-2d7227b24beb", "outdir": "/data/home/rwa116/Project/CMPT750-Proj-Benchmark/results/X86/run_micro/500.perlbench_r/DefaultO3/Slow/LTAGE", "gem5_name": "X86", "script_name": "run_micro", "running": false, "enqueue_time": 1699144663.4524684, "start_time": 1699144663.4986203, "end_time": 1699144673.588048, "return_code": 0, "kill_reason": "", "status": "Finished", "pid": 3188679, "task_id": null, "results": null, "string": "X86 run_microDefaultO3 Slow LTAGE /data/home/rwa116/Project/spec/benchspec/CPU/500.perlbench_r/build/build_base_mytest-m64.0000/perlbench_r  -I./lib /data/home/rwa116/Project/spec/benchspec/CPU/benchspec/CPU/500.perlbench_r/run/run_base_refrate_mytest-m64.0000/checkspam.pl 2500 5 25 11 150 1 1 1 1", "command": ["/data/home/rwa116/Project/CMPT750-Proj/build/X86/gem5.opt", "-re", "--outdir=/data/home/rwa116/Project/CMPT750-Proj-Benchmark/results/X86/run_micro/500.perlbench_r/DefaultO3/Slow/LTAGE", "gem5-config/run_micro.py", "DefaultO3", "Slow", "LTAGE", "/data/home/rwa116/Project/spec/benchspec/CPU/500.perlbench_r/build/build_base_mytest-m64.0000/perlbench_r", " -I./lib /data/home/rwa116/Project/spec/benchspec/CPU/benchspec/CPU/500.perlbench_r/run/run_base_refrate_mytest-m64.0000/checkspam.pl 2500 5 25 11 150 1 1 1 1"], "hash": "0e6ba9eb5612e58b262f9415b5409a0e", "type": "gem5 run", "current_time": 1699144668.5813677}