{"name": "microbench_tests", "gem5_binary": "/data/home/rwa116/Project/CMPT750-Proj/build/X86/gem5.opt", "run_script": "/data/home/rwa116/Project/CMPT750-Proj/configs/example/se.py", "params": ["--cpu-type=DerivO3CPU", "--caches", "--l2cache", "--l1d_size=32kB", "--l1i_size=32kB", "--l2_size=512kB", "--bp-type=PerceptronBP", "--param=system.cpu[:].branchPred.globalHistorySize=59", "--param=system.cpu[:].branchPred.perceptronTableSize=1110", "--param=system.cpu[:].branchPred.maxWeight=7", "--param=system.cpu[:].branchPred.minWeight=-8", "--param=system.cpu[:].branchPred.threshold=7", "--cmd=/data/home/rwa116/Project/spec/benchspec/CPU/602.gcc_s/build/build_base_mytest-m64.0000/gcc_s", "--options=gcc-pp.c -O5 -fipa-pta -o gcc-pp.opts-O5_-fipa-pta.s > gcc-pp.opts-O5_-fipa-pta.out 2>> gcc-pp.opts-O5_-fipa-pta.err", "--sys-clock=4GHz", "--warmup-insts=1000000", "--maxinsts=100000000"], "timeout": 7200, "_id": "9cdcc878-32a6-405f-9a7c-943f4e979785", "outdir": "/data/home/rwa116/Project/CMPT750-Proj-Benchmark/results/100M/X86/spec2017/602.gcc_s/DerivO3CPU/64K_PerceptronBP_ghs-59_pts-1110_wgh-4", "gem5_name": "X86", "script_name": "se", "running": false, "enqueue_time": 1700623979.6446748, "start_time": 1700623979.647488, "end_time": 1700625736.8160756, "return_code": 0, "kill_reason": "", "status": "Finished", "pid": 1370104, "task_id": null, "results": null, "string": "X86 se--cpu-type=DerivO3CPU --caches --l2cache --l1d_size=32kB --l1i_size=32kB --l2_size=512kB --bp-type=PerceptronBP --param=system.cpu[:].branchPred.globalHistorySize=59 --param=system.cpu[:].branchPred.perceptronTableSize=1110 --param=system.cpu[:].branchPred.maxWeight=7 --param=system.cpu[:].branchPred.minWeight=-8 --param=system.cpu[:].branchPred.threshold=7 --cmd=/data/home/rwa116/Project/spec/benchspec/CPU/602.gcc_s/build/build_base_mytest-m64.0000/gcc_s --options=gcc-pp.c -O5 -fipa-pta -o gcc-pp.opts-O5_-fipa-pta.s > gcc-pp.opts-O5_-fipa-pta.out 2>> gcc-pp.opts-O5_-fipa-pta.err --sys-clock=4GHz --warmup-insts=1000000 --maxinsts=100000000", "command": ["/data/home/rwa116/Project/CMPT750-Proj/build/X86/gem5.opt", "-re", "--outdir=/data/home/rwa116/Project/CMPT750-Proj-Benchmark/results/100M/X86/spec2017/602.gcc_s/DerivO3CPU/64K_PerceptronBP_ghs-59_pts-1110_wgh-4", "/data/home/rwa116/Project/CMPT750-Proj/configs/example/se.py", "--cpu-type=DerivO3CPU", "--caches", "--l2cache", "--l1d_size=32kB", "--l1i_size=32kB", "--l2_size=512kB", "--bp-type=PerceptronBP", "--param=system.cpu[:].branchPred.globalHistorySize=59", "--param=system.cpu[:].branchPred.perceptronTableSize=1110", "--param=system.cpu[:].branchPred.maxWeight=7", "--param=system.cpu[:].branchPred.minWeight=-8", "--param=system.cpu[:].branchPred.threshold=7", "--cmd=/data/home/rwa116/Project/spec/benchspec/CPU/602.gcc_s/build/build_base_mytest-m64.0000/gcc_s", "--options=gcc-pp.c -O5 -fipa-pta -o gcc-pp.opts-O5_-fipa-pta.s > gcc-pp.opts-O5_-fipa-pta.out 2>> gcc-pp.opts-O5_-fipa-pta.err", "--sys-clock=4GHz", "--warmup-insts=1000000", "--maxinsts=100000000"], "hash": "6ad7ed0e61da6e96030840138c03fecd", "type": "gem5 run", "current_time": 1700625731.8091094}