{"name": "microbench_tests", "gem5_binary": "/data/home/rwa116/Project/CMPT750-Proj/build/X86/gem5.opt", "run_script": "/data/home/rwa116/Project/CMPT750-Proj/configs/example/se.py", "params": ["--cpu-type=DerivO3CPU", "--caches", "--l2cache", "--l1d_size=32kB", "--l1i_size=32kB", "--l2_size=512kB", "--bp-type=PerceptronForestBP", "--param=system.cpu[:].branchPred.globalHistorySize=124", "--param=system.cpu[:].branchPred.perceptronTableSize=555", "--param=system.cpu[:].branchPred.perceptronNum=8", "--param=system.cpu[:].branchPred.maxWeight=128", "--param=system.cpu[:].branchPred.minWeight=-128", "--param=system.cpu[:].branchPred.avgPerceptronLength=28", "--cmd=/data/home/rwa116/Project/spec/benchspec/CPU/641.leela_s/build/build_base_mytest-m64.0000/leela_s", "--options=ref.sgf > ref.out 2>> ref.err", "--sys-clock=4GHz", "--warmup-insts=1000000", "--maxinsts=100000000"], "timeout": 7200, "_id": "83d927f6-f052-4732-846a-52aaddbf4215", "outdir": "/data/home/rwa116/Project/CMPT750-Proj-Benchmark/results/100M/X86/spec2017/641.leela_s/DerivO3CPU/128K_PerceptronForestBP_ghs-28_pts-555_pcr-8", "gem5_name": "X86", "script_name": "se", "running": false, "enqueue_time": 1700682086.4499662, "start_time": 1700682086.4519553, "end_time": 1700683348.2742333, "return_code": 0, "kill_reason": "", "status": "Finished", "pid": 1487614, "task_id": null, "results": null, "string": "X86 se--cpu-type=DerivO3CPU --caches --l2cache --l1d_size=32kB --l1i_size=32kB --l2_size=512kB --bp-type=PerceptronForestBP --param=system.cpu[:].branchPred.globalHistorySize=124 --param=system.cpu[:].branchPred.perceptronTableSize=555 --param=system.cpu[:].branchPred.perceptronNum=8 --param=system.cpu[:].branchPred.maxWeight=128 --param=system.cpu[:].branchPred.minWeight=-128 --param=system.cpu[:].branchPred.avgPerceptronLength=28 --cmd=/data/home/rwa116/Project/spec/benchspec/CPU/641.leela_s/build/build_base_mytest-m64.0000/leela_s --options=ref.sgf > ref.out 2>> ref.err --sys-clock=4GHz --warmup-insts=1000000 --maxinsts=100000000", "command": ["/data/home/rwa116/Project/CMPT750-Proj/build/X86/gem5.opt", "-re", "--outdir=/data/home/rwa116/Project/CMPT750-Proj-Benchmark/results/100M/X86/spec2017/641.leela_s/DerivO3CPU/128K_PerceptronForestBP_ghs-28_pts-555_pcr-8", "/data/home/rwa116/Project/CMPT750-Proj/configs/example/se.py", "--cpu-type=DerivO3CPU", "--caches", "--l2cache", "--l1d_size=32kB", "--l1i_size=32kB", "--l2_size=512kB", "--bp-type=PerceptronForestBP", "--param=system.cpu[:].branchPred.globalHistorySize=124", "--param=system.cpu[:].branchPred.perceptronTableSize=555", "--param=system.cpu[:].branchPred.perceptronNum=8", "--param=system.cpu[:].branchPred.maxWeight=128", "--param=system.cpu[:].branchPred.minWeight=-128", "--param=system.cpu[:].branchPred.avgPerceptronLength=28", "--cmd=/data/home/rwa116/Project/spec/benchspec/CPU/641.leela_s/build/build_base_mytest-m64.0000/leela_s", "--options=ref.sgf > ref.out 2>> ref.err", "--sys-clock=4GHz", "--warmup-insts=1000000", "--maxinsts=100000000"], "hash": "dc5c7b39db03d770a5f4a2b94af18b65", "type": "gem5 run", "current_time": 1700683343.2369742}