{"name": "microbench_tests", "gem5_binary": "/data/home/rwa116/Project/CMPT750-Proj/build/X86/gem5.opt", "run_script": "/data/home/rwa116/Project/CMPT750-Proj/configs/example/se.py", "params": ["--cpu-type=DerivO3CPU", "--caches", "--l2cache", "--l1d_size=32kB", "--l1i_size=32kB", "--l2_size=512kB", "--bp-type=PerceptronBP", "--param=system.cpu[:].branchPred.globalHistorySize=59", "--param=system.cpu[:].branchPred.perceptronTableSize=1110", "--param=system.cpu[:].branchPred.maxWeight=2147483647", "--param=system.cpu[:].branchPred.minWeight=-2147483648", "--param=system.cpu[:].branchPred.threshold=127", "--cmd=/data/home/rwa116/Project/spec/benchspec/CPU/602.gcc_s/build/build_base_mytest-m64.0000/gcc_s", "--options=gcc-pp.c -O5 -fipa-pta -o gcc-pp.opts-O5_-fipa-pta.s > gcc-pp.opts-O5_-fipa-pta.out 2>> gcc-pp.opts-O5_-fipa-pta.err", "--sys-clock=4GHz", "--warmup-insts=1000000", "--maxinsts=30000000"], "timeout": 900, "_id": "11232775-f3ea-46fd-86fb-2b6de4ab3c78", "outdir": "/data/home/rwa116/Project/CMPT750-Proj-Benchmark/results/X86/spec2017/602.gcc_s/DerivO3CPU/64K_PerceptronBP_ghs-59_pts-1110_wgh-32", "gem5_name": "X86", "script_name": "se", "running": false, "enqueue_time": 1700092971.7926853, "start_time": 1700092971.79531, "end_time": 1700093527.254904, "return_code": 0, "kill_reason": "", "status": "Finished", "pid": 665035, "task_id": null, "results": null, "string": "X86 se--cpu-type=DerivO3CPU --caches --l2cache --l1d_size=32kB --l1i_size=32kB --l2_size=512kB --bp-type=PerceptronBP --param=system.cpu[:].branchPred.globalHistorySize=59 --param=system.cpu[:].branchPred.perceptronTableSize=1110 --param=system.cpu[:].branchPred.maxWeight=2147483647 --param=system.cpu[:].branchPred.minWeight=-2147483648 --param=system.cpu[:].branchPred.threshold=127 --cmd=/data/home/rwa116/Project/spec/benchspec/CPU/602.gcc_s/build/build_base_mytest-m64.0000/gcc_s --options=gcc-pp.c -O5 -fipa-pta -o gcc-pp.opts-O5_-fipa-pta.s > gcc-pp.opts-O5_-fipa-pta.out 2>> gcc-pp.opts-O5_-fipa-pta.err --sys-clock=4GHz --warmup-insts=1000000 --maxinsts=30000000", "command": ["/data/home/rwa116/Project/CMPT750-Proj/build/X86/gem5.opt", "-re", "--outdir=/data/home/rwa116/Project/CMPT750-Proj-Benchmark/results/X86/spec2017/602.gcc_s/DerivO3CPU/64K_PerceptronBP_ghs-59_pts-1110_wgh-32", "/data/home/rwa116/Project/CMPT750-Proj/configs/example/se.py", "--cpu-type=DerivO3CPU", "--caches", "--l2cache", "--l1d_size=32kB", "--l1i_size=32kB", "--l2_size=512kB", "--bp-type=PerceptronBP", "--param=system.cpu[:].branchPred.globalHistorySize=59", "--param=system.cpu[:].branchPred.perceptronTableSize=1110", "--param=system.cpu[:].branchPred.maxWeight=2147483647", "--param=system.cpu[:].branchPred.minWeight=-2147483648", "--param=system.cpu[:].branchPred.threshold=127", "--cmd=/data/home/rwa116/Project/spec/benchspec/CPU/602.gcc_s/build/build_base_mytest-m64.0000/gcc_s", "--options=gcc-pp.c -O5 -fipa-pta -o gcc-pp.opts-O5_-fipa-pta.s > gcc-pp.opts-O5_-fipa-pta.out 2>> gcc-pp.opts-O5_-fipa-pta.err", "--sys-clock=4GHz", "--warmup-insts=1000000", "--maxinsts=30000000"], "hash": "671c1bba71852344374f47c310c0c622", "type": "gem5 run", "current_time": 1700093522.250478}