{"name": "microbench_tests", "gem5_binary": "/data/home/rwa116/Project/CMPT750-Proj/build/X86/gem5.opt", "run_script": "/data/home/rwa116/Project/CMPT750-Proj/configs/example/se.py", "params": ["--cpu-type=DerivO3CPU", "--caches", "--l2cache", "--l1d_size=32kB", "--l1i_size=32kB", "--l2_size=512kB", "--bp-type=PerceptronBP", "--param=system.cpu[:].branchPred.globalHistorySize=36", "--param=system.cpu[:].branchPred.perceptronTableSize=455", "--param=system.cpu[:].branchPred.maxWeight=127", "--param=system.cpu[:].branchPred.minWeight=-128", "--param=system.cpu[:].branchPred.threshold=83", "--cmd=/data/home/rwa116/Project/spec/benchspec/CPU/605.mcf_s/build/build_base_mytest-m64.0000/mcf_s", "--options=inp.in  > inp.out 2>> inp.err", "--sys-clock=4GHz", "--warmup-insts=1000000", "--maxinsts=30000000"], "timeout": 900, "_id": "12274bd4-163b-4da6-b5c6-81e7927c6fb6", "outdir": "/data/home/rwa116/Project/CMPT750-Proj-Benchmark/results/X86/spec2017/605.mcf_s/DerivO3CPU/16K_PerceptronBP_ghs-36_pts-455", "gem5_name": "X86", "script_name": "se", "running": false, "enqueue_time": 1700087201.5367682, "start_time": 1700087201.5409968, "end_time": 1700087606.9613242, "return_code": 0, "kill_reason": "", "status": "Finished", "pid": 643118, "task_id": null, "results": null, "string": "X86 se--cpu-type=DerivO3CPU --caches --l2cache --l1d_size=32kB --l1i_size=32kB --l2_size=512kB --bp-type=PerceptronBP --param=system.cpu[:].branchPred.globalHistorySize=36 --param=system.cpu[:].branchPred.perceptronTableSize=455 --param=system.cpu[:].branchPred.maxWeight=127 --param=system.cpu[:].branchPred.minWeight=-128 --param=system.cpu[:].branchPred.threshold=83 --cmd=/data/home/rwa116/Project/spec/benchspec/CPU/605.mcf_s/build/build_base_mytest-m64.0000/mcf_s --options=inp.in  > inp.out 2>> inp.err --sys-clock=4GHz --warmup-insts=1000000 --maxinsts=30000000", "command": ["/data/home/rwa116/Project/CMPT750-Proj/build/X86/gem5.opt", "-re", "--outdir=/data/home/rwa116/Project/CMPT750-Proj-Benchmark/results/X86/spec2017/605.mcf_s/DerivO3CPU/16K_PerceptronBP_ghs-36_pts-455", "/data/home/rwa116/Project/CMPT750-Proj/configs/example/se.py", "--cpu-type=DerivO3CPU", "--caches", "--l2cache", "--l1d_size=32kB", "--l1i_size=32kB", "--l2_size=512kB", "--bp-type=PerceptronBP", "--param=system.cpu[:].branchPred.globalHistorySize=36", "--param=system.cpu[:].branchPred.perceptronTableSize=455", "--param=system.cpu[:].branchPred.maxWeight=127", "--param=system.cpu[:].branchPred.minWeight=-128", "--param=system.cpu[:].branchPred.threshold=83", "--cmd=/data/home/rwa116/Project/spec/benchspec/CPU/605.mcf_s/build/build_base_mytest-m64.0000/mcf_s", "--options=inp.in  > inp.out 2>> inp.err", "--sys-clock=4GHz", "--warmup-insts=1000000", "--maxinsts=30000000"], "hash": "130d617bf712c8b0bc9c8afd7aad7097", "type": "gem5 run", "current_time": 1700087601.9545481}