{"name": "microbench_tests", "gem5_binary": "/data/home/jiatangz/CMPT750-Proj/build/X86/gem5.opt", "run_script": "/data/home/jiatangz/CMPT750-Proj/configs/example/se.py", "params": ["--cpu-type=DerivO3CPU", "--caches", "--l2cache", "--l1d_size=32kB", "--l1i_size=32kB", "--l2_size=512kB", "--bp-type=PerceptronBP", "--param=system.cpu[:].branchPred.globalHistorySize=60", "--param=system.cpu[:].branchPred.perceptronTableSize=1024", "--param=system.cpu[:].branchPred.maxWeight=16384", "--param=system.cpu[:].branchPred.minWeight=-16384", "--param=system.cpu[:].branchPred.threshold=129", "--cmd=/data/home/jiatangz/spec2017/benchspec/CPU/602.gcc_s/build/build_base_mytest-m64.0000/gcc_s", "--options=gcc-pp.c -O5 -fipa-pta -o gcc-pp.opts-O5_-fipa-pta.s > gcc-pp.opts-O5_-fipa-pta.out 2>> gcc-pp.opts-O5_-fipa-pta.err", "--sys-clock=4GHz", "--warmup-insts=1000000", "--maxinsts=10000000"], "timeout": 900, "_id": "3ec74d92-de2b-4940-9e70-008f34ef717d", "outdir": "/data/home/jiatangz/CMPT750-Proj-Benchmark/results/X86/spec2017/602.gcc_s/DerivO3CPU/PerceptronBP_ghs-60_pts-1024", "gem5_name": "X86", "script_name": "se", "running": false, "enqueue_time": 1699823630.206971, "start_time": 1699823630.2113636, "end_time": 1699823790.3586228, "return_code": 0, "kill_reason": "", "status": "Finished", "pid": 3993861, "task_id": null, "results": null, "string": "X86 se--cpu-type=DerivO3CPU --caches --l2cache --l1d_size=32kB --l1i_size=32kB --l2_size=512kB --bp-type=PerceptronBP --param=system.cpu[:].branchPred.globalHistorySize=60 --param=system.cpu[:].branchPred.perceptronTableSize=1024 --param=system.cpu[:].branchPred.maxWeight=16384 --param=system.cpu[:].branchPred.minWeight=-16384 --param=system.cpu[:].branchPred.threshold=129 --cmd=/data/home/jiatangz/spec2017/benchspec/CPU/602.gcc_s/build/build_base_mytest-m64.0000/gcc_s --options=gcc-pp.c -O5 -fipa-pta -o gcc-pp.opts-O5_-fipa-pta.s > gcc-pp.opts-O5_-fipa-pta.out 2>> gcc-pp.opts-O5_-fipa-pta.err --sys-clock=4GHz --warmup-insts=1000000 --maxinsts=10000000", "command": ["/data/home/jiatangz/CMPT750-Proj/build/X86/gem5.opt", "-re", "--outdir=/data/home/jiatangz/CMPT750-Proj-Benchmark/results/X86/spec2017/602.gcc_s/DerivO3CPU/PerceptronBP_ghs-60_pts-1024", "/data/home/jiatangz/CMPT750-Proj/configs/example/se.py", "--cpu-type=DerivO3CPU", "--caches", "--l2cache", "--l1d_size=32kB", "--l1i_size=32kB", "--l2_size=512kB", "--bp-type=PerceptronBP", "--param=system.cpu[:].branchPred.globalHistorySize=60", "--param=system.cpu[:].branchPred.perceptronTableSize=1024", "--param=system.cpu[:].branchPred.maxWeight=16384", "--param=system.cpu[:].branchPred.minWeight=-16384", "--param=system.cpu[:].branchPred.threshold=129", "--cmd=/data/home/jiatangz/spec2017/benchspec/CPU/602.gcc_s/build/build_base_mytest-m64.0000/gcc_s", "--options=gcc-pp.c -O5 -fipa-pta -o gcc-pp.opts-O5_-fipa-pta.s > gcc-pp.opts-O5_-fipa-pta.out 2>> gcc-pp.opts-O5_-fipa-pta.err", "--sys-clock=4GHz", "--warmup-insts=1000000", "--maxinsts=10000000"], "hash": "4b168b76814caeda5f7bf37ceaaf358c", "type": "gem5 run", "current_time": 1699823785.354696}