{"name": "microbench_tests", "gem5_binary": "/data/home/jiatangz/CMPT750-Proj/build/X86/gem5.opt", "run_script": "/data/home/jiatangz/CMPT750-Proj/configs/example/se.py", "params": ["--cpu-type=DerivO3CPU", "--caches", "--l2cache", "--l1d_size=32kB", "--l1i_size=32kB", "--l2_size=512kB", "--bp-type=PerceptronBP", "--param=system.cpu[:].branchPred.globalHistorySize=128", "--param=system.cpu[:].branchPred.perceptronTableSize=1024", "--param=system.cpu[:].branchPred.maxWeight=16384", "--param=system.cpu[:].branchPred.minWeight=-16384", "--param=system.cpu[:].branchPred.threshold=261", "--cmd=/data/home/jiatangz/spec2017/benchspec/CPU/641.leela_s/build/build_base_mytest-m64.0000/leela_s", "--options=ref.sgf > ref.out 2>> ref.err", "--sys-clock=4GHz", "--warmup-insts=1000000", "--maxinsts=10000000"], "timeout": 900, "_id": "b7e7ef29-d665-4fee-b2b8-ff7ce867f5ea", "outdir": "/data/home/jiatangz/CMPT750-Proj-Benchmark/results/X86/spec2017/641.leela_s/DerivO3CPU/PerceptronBP_ghs-128_pts-1024", "gem5_name": "X86", "script_name": "se", "running": false, "enqueue_time": 1700677240.587203, "start_time": 1700677240.5891383, "end_time": 1700677380.7363412, "return_code": 0, "kill_reason": "", "status": "Finished", "pid": 1471981, "task_id": null, "results": null, "string": "X86 se--cpu-type=DerivO3CPU --caches --l2cache --l1d_size=32kB --l1i_size=32kB --l2_size=512kB --bp-type=PerceptronBP --param=system.cpu[:].branchPred.globalHistorySize=128 --param=system.cpu[:].branchPred.perceptronTableSize=1024 --param=system.cpu[:].branchPred.maxWeight=16384 --param=system.cpu[:].branchPred.minWeight=-16384 --param=system.cpu[:].branchPred.threshold=261 --cmd=/data/home/jiatangz/spec2017/benchspec/CPU/641.leela_s/build/build_base_mytest-m64.0000/leela_s --options=ref.sgf > ref.out 2>> ref.err --sys-clock=4GHz --warmup-insts=1000000 --maxinsts=10000000", "command": ["/data/home/jiatangz/CMPT750-Proj/build/X86/gem5.opt", "-re", "--outdir=/data/home/jiatangz/CMPT750-Proj-Benchmark/results/X86/spec2017/641.leela_s/DerivO3CPU/PerceptronBP_ghs-128_pts-1024", "/data/home/jiatangz/CMPT750-Proj/configs/example/se.py", "--cpu-type=DerivO3CPU", "--caches", "--l2cache", "--l1d_size=32kB", "--l1i_size=32kB", "--l2_size=512kB", "--bp-type=PerceptronBP", "--param=system.cpu[:].branchPred.globalHistorySize=128", "--param=system.cpu[:].branchPred.perceptronTableSize=1024", "--param=system.cpu[:].branchPred.maxWeight=16384", "--param=system.cpu[:].branchPred.minWeight=-16384", "--param=system.cpu[:].branchPred.threshold=261", "--cmd=/data/home/jiatangz/spec2017/benchspec/CPU/641.leela_s/build/build_base_mytest-m64.0000/leela_s", "--options=ref.sgf > ref.out 2>> ref.err", "--sys-clock=4GHz", "--warmup-insts=1000000", "--maxinsts=10000000"], "hash": "df911e3baf1e2fe3254a6757b3d460bb", "type": "gem5 run", "current_time": 1700677375.7294261}