{"name": "microbench_tests", "gem5_binary": "/data/home/rwa116/Project/CMPT750-Proj/build/X86/gem5.opt", "run_script": "gem5-config/run_micro.py", "params": ["DefaultO3", "Slow", "AlwaysTakenBP", "microbenchmark/CCa/bench.X86"], "timeout": 900, "_id": "bbb4c58f-c43b-40e4-89a4-814116a5c142", "outdir": "/data/home/rwa116/Project/CMPT750-Proj-Benchmark/results/X86/run_micro/CCa/DefaultO3/Slow/AlwaysTakenBP", "gem5_name": "X86", "script_name": "run_micro", "running": false, "enqueue_time": 1698956579.8007355, "start_time": 1698956579.857685, "end_time": 1698956584.872265, "return_code": 0, "kill_reason": "", "status": "Finished", "pid": 2894101, "task_id": null, "results": null, "string": "X86 run_microDefaultO3 Slow AlwaysTakenBP microbenchmark/CCa/bench.X86", "command": ["/data/home/rwa116/Project/CMPT750-Proj/build/X86/gem5.opt", "-re", "--outdir=/data/home/rwa116/Project/CMPT750-Proj-Benchmark/results/X86/run_micro/CCa/DefaultO3/Slow/AlwaysTakenBP", "gem5-config/run_micro.py", "DefaultO3", "Slow", "AlwaysTakenBP", "microbenchmark/CCa/bench.X86"], "hash": "e1ef2f9e9aaaf4f169459c27c17a2ef0", "type": "gem5 run", "current_time": 1698956579.8646097}