{"name": "microbench_tests", "gem5_binary": "/data/home/rwa116/Project/CMPT750-Proj/build/X86/gem5.opt", "run_script": "gem5-config/run_micro.py", "params": ["DefaultO3", "Slow", "AlwaysTakenBP", "microbenchmark/EI/bench.X86"], "timeout": 900, "_id": "055f7f54-ecec-4b54-98f1-cec133b85de0", "outdir": "/data/home/rwa116/Project/CMPT750-Proj-Benchmark/results/X86/run_micro/EI/DefaultO3/Slow/AlwaysTakenBP", "gem5_name": "X86", "script_name": "run_micro", "running": false, "enqueue_time": 1698956579.8035688, "start_time": 1698956579.858409, "end_time": 1698956584.8713915, "return_code": 0, "kill_reason": "", "status": "Finished", "pid": 2894103, "task_id": null, "results": null, "string": "X86 run_microDefaultO3 Slow AlwaysTakenBP microbenchmark/EI/bench.X86", "command": ["/data/home/rwa116/Project/CMPT750-Proj/build/X86/gem5.opt", "-re", "--outdir=/data/home/rwa116/Project/CMPT750-Proj-Benchmark/results/X86/run_micro/EI/DefaultO3/Slow/AlwaysTakenBP", "gem5-config/run_micro.py", "DefaultO3", "Slow", "AlwaysTakenBP", "microbenchmark/EI/bench.X86"], "hash": "5a155b6e036b6eb5e5c2748c67ee17c9", "type": "gem5 run", "current_time": 1698956579.8643248}