{"name": "microbench_tests", "gem5_binary": "/data/home/rwa116/Project/CMPT750-Proj/build/X86/gem5.opt", "run_script": "/data/home/rwa116/Project/CMPT750-Proj/configs/example/se.py", "params": ["--cpu-type=DerivO3CPU", "--caches", "--l2cache", "--l1d_size=32kB", "--l1i_size=32kB", "--l2_size=512kB", "--bp-type=PerceptronForestBP", "--param=system.cpu[:].branchPred.globalHistorySize=124", "--param=system.cpu[:].branchPred.perceptronTableSize=455", "--param=system.cpu[:].branchPred.perceptronNum=8", "--param=system.cpu[:].branchPred.maxWeight=128", "--param=system.cpu[:].branchPred.minWeight=-128", "--param=system.cpu[:].branchPred.avgPerceptronLength=36", "--cmd=/data/home/rwa116/Project/spec/benchspec/CPU/602.gcc_s/build/build_base_mytest-m64.0000/gcc_s", "--options=gcc-pp.c -O5 -fipa-pta -o gcc-pp.opts-O5_-fipa-pta.s > gcc-pp.opts-O5_-fipa-pta.out 2>> gcc-pp.opts-O5_-fipa-pta.err", "--sys-clock=4GHz", "--warmup-insts=1000000", "--maxinsts=100000000"], "timeout": 7200, "_id": "eb6e7ff7-8720-404f-bec5-3b325c6d4aa3", "outdir": "/data/home/rwa116/Project/CMPT750-Proj-Benchmark/results/100M/X86/spec2017/602.gcc_s/DerivO3CPU/128K_PerceptronForestBP_ghs-36_pts-455_pcr-8", "gem5_name": "X86", "script_name": "se", "running": false, "enqueue_time": 1700710383.2723198, "start_time": 1700710383.2750816, "end_time": 1700712626.2328606, "return_code": 0, "kill_reason": "", "status": "Finished", "pid": 1504786, "task_id": null, "results": null, "string": "X86 se--cpu-type=DerivO3CPU --caches --l2cache --l1d_size=32kB --l1i_size=32kB --l2_size=512kB --bp-type=PerceptronForestBP --param=system.cpu[:].branchPred.globalHistorySize=124 --param=system.cpu[:].branchPred.perceptronTableSize=455 --param=system.cpu[:].branchPred.perceptronNum=8 --param=system.cpu[:].branchPred.maxWeight=128 --param=system.cpu[:].branchPred.minWeight=-128 --param=system.cpu[:].branchPred.avgPerceptronLength=36 --cmd=/data/home/rwa116/Project/spec/benchspec/CPU/602.gcc_s/build/build_base_mytest-m64.0000/gcc_s --options=gcc-pp.c -O5 -fipa-pta -o gcc-pp.opts-O5_-fipa-pta.s > gcc-pp.opts-O5_-fipa-pta.out 2>> gcc-pp.opts-O5_-fipa-pta.err --sys-clock=4GHz --warmup-insts=1000000 --maxinsts=100000000", "command": ["/data/home/rwa116/Project/CMPT750-Proj/build/X86/gem5.opt", "-re", "--outdir=/data/home/rwa116/Project/CMPT750-Proj-Benchmark/results/100M/X86/spec2017/602.gcc_s/DerivO3CPU/128K_PerceptronForestBP_ghs-36_pts-455_pcr-8", "/data/home/rwa116/Project/CMPT750-Proj/configs/example/se.py", "--cpu-type=DerivO3CPU", "--caches", "--l2cache", "--l1d_size=32kB", "--l1i_size=32kB", "--l2_size=512kB", "--bp-type=PerceptronForestBP", "--param=system.cpu[:].branchPred.globalHistorySize=124", "--param=system.cpu[:].branchPred.perceptronTableSize=455", "--param=system.cpu[:].branchPred.perceptronNum=8", "--param=system.cpu[:].branchPred.maxWeight=128", "--param=system.cpu[:].branchPred.minWeight=-128", "--param=system.cpu[:].branchPred.avgPerceptronLength=36", "--cmd=/data/home/rwa116/Project/spec/benchspec/CPU/602.gcc_s/build/build_base_mytest-m64.0000/gcc_s", "--options=gcc-pp.c -O5 -fipa-pta -o gcc-pp.opts-O5_-fipa-pta.s > gcc-pp.opts-O5_-fipa-pta.out 2>> gcc-pp.opts-O5_-fipa-pta.err", "--sys-clock=4GHz", "--warmup-insts=1000000", "--maxinsts=100000000"], "hash": "b62ef57bce9eceb858a9614c87ff9624", "type": "gem5 run", "current_time": 1700712621.2270484}