{"name": "microbench_tests", "gem5_binary": "/data/home/rwa116/Project/CMPT750-Proj/build/X86/gem5.opt", "run_script": "gem5-config/run_micro.py", "params": ["DefaultO3", "Slow", "LTAGE", "microbenchmark/DP1f/bench.X86"], "timeout": 900, "_id": "7865c4df-38a1-4c6f-b82c-8ec1a0a0b3e1", "outdir": "/data/home/rwa116/Project/CMPT750-Proj-Benchmark/results/X86/run_micro/DP1f/DefaultO3/Slow/LTAGE", "gem5_name": "X86", "script_name": "run_micro", "running": false, "enqueue_time": 1698956579.8110569, "start_time": 1698956584.9055233, "end_time": 1698956589.9167662, "return_code": 0, "kill_reason": "", "status": "Finished", "pid": 2894128, "task_id": null, "results": null, "string": "X86 run_microDefaultO3 Slow LTAGE microbenchmark/DP1f/bench.X86", "command": ["/data/home/rwa116/Project/CMPT750-Proj/build/X86/gem5.opt", "-re", "--outdir=/data/home/rwa116/Project/CMPT750-Proj-Benchmark/results/X86/run_micro/DP1f/DefaultO3/Slow/LTAGE", "gem5-config/run_micro.py", "DefaultO3", "Slow", "LTAGE", "microbenchmark/DP1f/bench.X86"], "hash": "6d3bfa8efc9dbc0fd680671c807592e9", "type": "gem5 run", "current_time": 1698956584.9103696}