{"name": "microbench_tests", "gem5_binary": "/data/home/rwa116/Project/CMPT750-Proj/build/X86/gem5.opt", "run_script": "gem5-config/run_micro.py", "params": ["DefaultO3", "Slow", "AlwaysTakenBP", "/data/home/rwa116/Project/spec/benchspec/CPU/619.lbm_s/build/build_base_mytest-m64.0000/lbm_s", ""], "timeout": 900, "_id": "044eac88-ca96-42fd-9022-9dd426bbe65f", "outdir": "/data/home/rwa116/Project/CMPT750-Proj-Benchmark/results/X86/run_micro/619.lbm_s/DefaultO3/Slow/AlwaysTakenBP", "gem5_name": "X86", "script_name": "run_micro", "running": false, "enqueue_time": 1699146507.2436733, "start_time": 1699146507.3037033, "end_time": 1699146517.32533, "return_code": 1, "kill_reason": "", "status": "Failed", "pid": 3205266, "task_id": null, "results": null, "string": "X86 run_microDefaultO3 Slow AlwaysTakenBP /data/home/rwa116/Project/spec/benchspec/CPU/619.lbm_s/build/build_base_mytest-m64.0000/lbm_s ", "command": ["/data/home/rwa116/Project/CMPT750-Proj/build/X86/gem5.opt", "-re", "--outdir=/data/home/rwa116/Project/CMPT750-Proj-Benchmark/results/X86/run_micro/619.lbm_s/DefaultO3/Slow/AlwaysTakenBP", "gem5-config/run_micro.py", "DefaultO3", "Slow", "AlwaysTakenBP", "/data/home/rwa116/Project/spec/benchspec/CPU/619.lbm_s/build/build_base_mytest-m64.0000/lbm_s", ""], "hash": "36bdf24dea658d3f8f9968e2b405d3c1", "type": "gem5 run", "current_time": 1699146512.3182898}