{"name": "microbench_tests", "gem5_binary": "/data/home/rwa116/Project/CMPT750-Proj/build/X86/gem5.opt", "run_script": "/data/home/rwa116/Project/CMPT750-Proj/configs/example/se.py", "params": ["--cpu-type=DerivO3CPU", "--caches", "--l2cache", "--l1d_size=32kB", "--l1i_size=32kB", "--l2_size=512kB", "--bp-type=PerceptronForestBP", "--param=system.cpu[:].branchPred.globalHistorySize=180", "--param=system.cpu[:].branchPred.perceptronTableSize=364", "--param=system.cpu[:].branchPred.perceptronNum=10", "--param=system.cpu[:].branchPred.maxWeight=128", "--param=system.cpu[:].branchPred.minWeight=-128", "--param=system.cpu[:].branchPred.avgPerceptronLength=36", "--cmd=/data/home/rwa116/Project/spec/benchspec/CPU/641.leela_s/build/build_base_mytest-m64.0000/leela_s", "--options=ref.sgf > ref.out 2>> ref.err", "--sys-clock=4GHz", "--warmup-insts=1000000", "--maxinsts=100000000"], "timeout": 7200, "_id": "e5819b1a-54bb-4c9d-bbcb-72e3ce9fdd7c", "outdir": "/data/home/rwa116/Project/CMPT750-Proj-Benchmark/results/100M/X86/spec2017/641.leela_s/DerivO3CPU/128K_PerceptronForestBP_ghs-36_pts-364_pcr-10", "gem5_name": "X86", "script_name": "se", "running": false, "enqueue_time": 1700692111.9688966, "start_time": 1700692111.9722898, "end_time": 1700693433.482898, "return_code": 0, "kill_reason": "", "status": "Finished", "pid": 1491962, "task_id": null, "results": null, "string": "X86 se--cpu-type=DerivO3CPU --caches --l2cache --l1d_size=32kB --l1i_size=32kB --l2_size=512kB --bp-type=PerceptronForestBP --param=system.cpu[:].branchPred.globalHistorySize=180 --param=system.cpu[:].branchPred.perceptronTableSize=364 --param=system.cpu[:].branchPred.perceptronNum=10 --param=system.cpu[:].branchPred.maxWeight=128 --param=system.cpu[:].branchPred.minWeight=-128 --param=system.cpu[:].branchPred.avgPerceptronLength=36 --cmd=/data/home/rwa116/Project/spec/benchspec/CPU/641.leela_s/build/build_base_mytest-m64.0000/leela_s --options=ref.sgf > ref.out 2>> ref.err --sys-clock=4GHz --warmup-insts=1000000 --maxinsts=100000000", "command": ["/data/home/rwa116/Project/CMPT750-Proj/build/X86/gem5.opt", "-re", "--outdir=/data/home/rwa116/Project/CMPT750-Proj-Benchmark/results/100M/X86/spec2017/641.leela_s/DerivO3CPU/128K_PerceptronForestBP_ghs-36_pts-364_pcr-10", "/data/home/rwa116/Project/CMPT750-Proj/configs/example/se.py", "--cpu-type=DerivO3CPU", "--caches", "--l2cache", "--l1d_size=32kB", "--l1i_size=32kB", "--l2_size=512kB", "--bp-type=PerceptronForestBP", "--param=system.cpu[:].branchPred.globalHistorySize=180", "--param=system.cpu[:].branchPred.perceptronTableSize=364", "--param=system.cpu[:].branchPred.perceptronNum=10", "--param=system.cpu[:].branchPred.maxWeight=128", "--param=system.cpu[:].branchPred.minWeight=-128", "--param=system.cpu[:].branchPred.avgPerceptronLength=36", "--cmd=/data/home/rwa116/Project/spec/benchspec/CPU/641.leela_s/build/build_base_mytest-m64.0000/leela_s", "--options=ref.sgf > ref.out 2>> ref.err", "--sys-clock=4GHz", "--warmup-insts=1000000", "--maxinsts=100000000"], "hash": "fa17c4b1feebf3e7348aa7c13bf2df68", "type": "gem5 run", "current_time": 1700693428.475987}