{"name": "microbench_tests", "gem5_binary": "/data/home/rwa116/Project/CMPT750-Proj/build/X86/gem5.opt", "run_script": "gem5-config/run_micro.py", "params": ["DefaultO3", "Slow", "PerceptronBP", "microbenchmark/MI/bench.X86"], "timeout": 900, "_id": "3a49d800-1f54-47b4-90c7-4fe0c0518dca", "outdir": "/data/home/rwa116/Project/CMPT750-Proj-Benchmark/results/X86/run_micro/MI/DefaultO3/Slow/PerceptronBP", "gem5_name": "X86", "script_name": "run_micro", "running": false, "enqueue_time": 1698956579.8073559, "start_time": 1698956584.8915944, "end_time": 1698956589.9186184, "return_code": 0, "kill_reason": "", "status": "Finished", "pid": 2894124, "task_id": null, "results": null, "string": "X86 run_microDefaultO3 Slow PerceptronBP microbenchmark/MI/bench.X86", "command": ["/data/home/rwa116/Project/CMPT750-Proj/build/X86/gem5.opt", "-re", "--outdir=/data/home/rwa116/Project/CMPT750-Proj-Benchmark/results/X86/run_micro/MI/DefaultO3/Slow/PerceptronBP", "gem5-config/run_micro.py", "DefaultO3", "Slow", "PerceptronBP", "microbenchmark/MI/bench.X86"], "hash": "e27aa2ef843772e3adf06244b0a63000", "type": "gem5 run", "current_time": 1698956584.9030697}