{"name": "microbench_tests", "gem5_binary": "/data/home/jiatangz/CMPT750-Proj/build/X86/gem5.opt", "run_script": "/data/home/jiatangz/CMPT750-Proj/configs/example/se.py", "params": ["--cpu-type=TimingSimpleCPU", "--bp-type=PerceptronBP", "--cmd=/data/home/rwa116/Project/spec/benchspec/CPU/605.mcf_s/build/build_base_mytest-m64.0000/mcf_s", "--options=inp.in  > inp.out 2>> inp.err", "--sys-clock=4GHz", "--warmup-insts=1000000", "--maxinsts=10000000"], "timeout": 900, "_id": "b6e5ce2a-c903-4654-ad12-3e45099ec0f7", "outdir": "/data/home/rwa116/Project/CMPT750-Proj-Benchmark/results/X86/spec2017/605.mcf_s/TimingSimpleCPU/PerceptronBP", "gem5_name": "X86", "script_name": "se", "running": false, "enqueue_time": 1699743376.898708, "start_time": 1699743376.9018939, "end_time": 1699743462.0827005, "return_code": 0, "kill_reason": "", "status": "Finished", "pid": 3913451, "task_id": null, "results": null, "string": "X86 se--cpu-type=TimingSimpleCPU --bp-type=PerceptronBP --cmd=/data/home/rwa116/Project/spec/benchspec/CPU/605.mcf_s/build/build_base_mytest-m64.0000/mcf_s --options=inp.in  > inp.out 2>> inp.err --sys-clock=4GHz --warmup-insts=1000000 --maxinsts=10000000", "command": ["/data/home/jiatangz/CMPT750-Proj/build/X86/gem5.opt", "-re", "--outdir=/data/home/rwa116/Project/CMPT750-Proj-Benchmark/results/X86/spec2017/605.mcf_s/TimingSimpleCPU/PerceptronBP", "/data/home/jiatangz/CMPT750-Proj/configs/example/se.py", "--cpu-type=TimingSimpleCPU", "--bp-type=PerceptronBP", "--cmd=/data/home/rwa116/Project/spec/benchspec/CPU/605.mcf_s/build/build_base_mytest-m64.0000/mcf_s", "--options=inp.in  > inp.out 2>> inp.err", "--sys-clock=4GHz", "--warmup-insts=1000000", "--maxinsts=10000000"], "hash": "7518f42da38a4a0aa2fe33363059072a", "type": "gem5 run", "current_time": 1699743457.0784745}