{"name": "microbench_tests", "gem5_binary": "/data/home/rwa116/Project/CMPT750-Proj/build/X86/gem5.opt", "run_script": "/data/home/rwa116/Project/CMPT750-Proj/configs/example/se.py", "params": ["--cpu-type=DerivO3CPU", "--caches", "--l2cache", "--l1d_size=32kB", "--l1i_size=32kB", "--l2_size=512kB", "--bp-type=PerceptronForestBP", "--param=system.cpu[:].branchPred.globalHistorySize=124", "--param=system.cpu[:].branchPred.perceptronTableSize=555", "--param=system.cpu[:].branchPred.perceptronNum=8", "--param=system.cpu[:].branchPred.maxWeight=128", "--param=system.cpu[:].branchPred.minWeight=-128", "--param=system.cpu[:].branchPred.avgPerceptronLength=28", "--cmd=/data/home/rwa116/Project/spec/benchspec/CPU/605.mcf_s/build/build_base_mytest-m64.0000/mcf_s", "--options=inp.in  > inp.out 2>> inp.err", "--sys-clock=4GHz", "--warmup-insts=1000000", "--maxinsts=100000000"], "timeout": 7200, "_id": "70890b31-01cf-44ec-a1e5-081c31e002b3", "outdir": "/data/home/rwa116/Project/CMPT750-Proj-Benchmark/results/100M/X86/spec2017/605.mcf_s/DerivO3CPU/128K_PerceptronForestBP_ghs-28_pts-555_pcr-8", "gem5_name": "X86", "script_name": "se", "running": false, "enqueue_time": 1700680695.2634716, "start_time": 1700680695.2671714, "end_time": 1700682361.618824, "return_code": 0, "kill_reason": "", "status": "Finished", "pid": 1484021, "task_id": null, "results": null, "string": "X86 se--cpu-type=DerivO3CPU --caches --l2cache --l1d_size=32kB --l1i_size=32kB --l2_size=512kB --bp-type=PerceptronForestBP --param=system.cpu[:].branchPred.globalHistorySize=124 --param=system.cpu[:].branchPred.perceptronTableSize=555 --param=system.cpu[:].branchPred.perceptronNum=8 --param=system.cpu[:].branchPred.maxWeight=128 --param=system.cpu[:].branchPred.minWeight=-128 --param=system.cpu[:].branchPred.avgPerceptronLength=28 --cmd=/data/home/rwa116/Project/spec/benchspec/CPU/605.mcf_s/build/build_base_mytest-m64.0000/mcf_s --options=inp.in  > inp.out 2>> inp.err --sys-clock=4GHz --warmup-insts=1000000 --maxinsts=100000000", "command": ["/data/home/rwa116/Project/CMPT750-Proj/build/X86/gem5.opt", "-re", "--outdir=/data/home/rwa116/Project/CMPT750-Proj-Benchmark/results/100M/X86/spec2017/605.mcf_s/DerivO3CPU/128K_PerceptronForestBP_ghs-28_pts-555_pcr-8", "/data/home/rwa116/Project/CMPT750-Proj/configs/example/se.py", "--cpu-type=DerivO3CPU", "--caches", "--l2cache", "--l1d_size=32kB", "--l1i_size=32kB", "--l2_size=512kB", "--bp-type=PerceptronForestBP", "--param=system.cpu[:].branchPred.globalHistorySize=124", "--param=system.cpu[:].branchPred.perceptronTableSize=555", "--param=system.cpu[:].branchPred.perceptronNum=8", "--param=system.cpu[:].branchPred.maxWeight=128", "--param=system.cpu[:].branchPred.minWeight=-128", "--param=system.cpu[:].branchPred.avgPerceptronLength=28", "--cmd=/data/home/rwa116/Project/spec/benchspec/CPU/605.mcf_s/build/build_base_mytest-m64.0000/mcf_s", "--options=inp.in  > inp.out 2>> inp.err", "--sys-clock=4GHz", "--warmup-insts=1000000", "--maxinsts=100000000"], "hash": "05b545c1beeb4a719a2afe88d341eff2", "type": "gem5 run", "current_time": 1700682356.6144936}