{"name": "microbench_tests", "gem5_binary": "/data/home/rwa116/Project/CMPT750-Proj/build/X86/gem5.opt", "run_script": "/data/home/rwa116/Project/CMPT750-Proj/configs/example/se.py", "params": ["--cpu-type=DerivO3CPU", "--caches", "--l2cache", "--l1d_size=32kB", "--l1i_size=32kB", "--l2_size=512kB", "--bp-type=PerceptronForestBP", "--param=system.cpu[:].branchPred.globalHistorySize=124", "--param=system.cpu[:].branchPred.perceptronTableSize=910", "--param=system.cpu[:].branchPred.perceptronNum=4", "--param=system.cpu[:].branchPred.maxWeight=128", "--param=system.cpu[:].branchPred.minWeight=-128", "--param=system.cpu[:].branchPred.avgPerceptronLength=36", "--cmd=/data/home/rwa116/Project/spec/benchspec/CPU/602.gcc_s/build/build_base_mytest-m64.0000/gcc_s", "--options=gcc-pp.c -O5 -fipa-pta -o gcc-pp.opts-O5_-fipa-pta.s > gcc-pp.opts-O5_-fipa-pta.out 2>> gcc-pp.opts-O5_-fipa-pta.err", "--sys-clock=4GHz", "--warmup-insts=1000000", "--maxinsts=100000000"], "timeout": 7200, "_id": "3172b516-4529-49ca-b964-09541784da92", "outdir": "/data/home/rwa116/Project/CMPT750-Proj-Benchmark/results/100M/X86/spec2017/602.gcc_s/DerivO3CPU/128K_PerceptronForestBP_ghs-36_pts-910_pcr-4", "gem5_name": "X86", "script_name": "se", "running": false, "enqueue_time": 1700710383.2712698, "start_time": 1700710383.274909, "end_time": 1700712235.53079, "return_code": 0, "kill_reason": "", "status": "Finished", "pid": 1504784, "task_id": null, "results": null, "string": "X86 se--cpu-type=DerivO3CPU --caches --l2cache --l1d_size=32kB --l1i_size=32kB --l2_size=512kB --bp-type=PerceptronForestBP --param=system.cpu[:].branchPred.globalHistorySize=124 --param=system.cpu[:].branchPred.perceptronTableSize=910 --param=system.cpu[:].branchPred.perceptronNum=4 --param=system.cpu[:].branchPred.maxWeight=128 --param=system.cpu[:].branchPred.minWeight=-128 --param=system.cpu[:].branchPred.avgPerceptronLength=36 --cmd=/data/home/rwa116/Project/spec/benchspec/CPU/602.gcc_s/build/build_base_mytest-m64.0000/gcc_s --options=gcc-pp.c -O5 -fipa-pta -o gcc-pp.opts-O5_-fipa-pta.s > gcc-pp.opts-O5_-fipa-pta.out 2>> gcc-pp.opts-O5_-fipa-pta.err --sys-clock=4GHz --warmup-insts=1000000 --maxinsts=100000000", "command": ["/data/home/rwa116/Project/CMPT750-Proj/build/X86/gem5.opt", "-re", "--outdir=/data/home/rwa116/Project/CMPT750-Proj-Benchmark/results/100M/X86/spec2017/602.gcc_s/DerivO3CPU/128K_PerceptronForestBP_ghs-36_pts-910_pcr-4", "/data/home/rwa116/Project/CMPT750-Proj/configs/example/se.py", "--cpu-type=DerivO3CPU", "--caches", "--l2cache", "--l1d_size=32kB", "--l1i_size=32kB", "--l2_size=512kB", "--bp-type=PerceptronForestBP", "--param=system.cpu[:].branchPred.globalHistorySize=124", "--param=system.cpu[:].branchPred.perceptronTableSize=910", "--param=system.cpu[:].branchPred.perceptronNum=4", "--param=system.cpu[:].branchPred.maxWeight=128", "--param=system.cpu[:].branchPred.minWeight=-128", "--param=system.cpu[:].branchPred.avgPerceptronLength=36", "--cmd=/data/home/rwa116/Project/spec/benchspec/CPU/602.gcc_s/build/build_base_mytest-m64.0000/gcc_s", "--options=gcc-pp.c -O5 -fipa-pta -o gcc-pp.opts-O5_-fipa-pta.s > gcc-pp.opts-O5_-fipa-pta.out 2>> gcc-pp.opts-O5_-fipa-pta.err", "--sys-clock=4GHz", "--warmup-insts=1000000", "--maxinsts=100000000"], "hash": "93f44c20def8a025f5b36d0afb508825", "type": "gem5 run", "current_time": 1700712230.5265336}