{"name": "microbench_tests", "gem5_binary": "/data/home/rwa116/Project/CMPT750-Proj/build/X86/gem5.opt", "run_script": "/data/home/rwa116/Project/CMPT750-Proj/configs/example/se.py", "params": ["--cpu-type=DerivO3CPU", "--caches", "--l2cache", "--l1d_size=32kB", "--l1i_size=32kB", "--l2_size=512kB", "--bp-type=PerceptronBP", "--param=system.cpu[:].branchPred.globalHistorySize=28", "--param=system.cpu[:].branchPred.perceptronTableSize=146", "--param=system.cpu[:].branchPred.maxWeight=127", "--param=system.cpu[:].branchPred.minWeight=-128", "--param=system.cpu[:].branchPred.threshold=68", "--cmd=/data/home/rwa116/Project/spec/benchspec/CPU/602.gcc_s/build/build_base_mytest-m64.0000/gcc_s", "--options=gcc-pp.c -O5 -fipa-pta -o gcc-pp.opts-O5_-fipa-pta.s > gcc-pp.opts-O5_-fipa-pta.out 2>> gcc-pp.opts-O5_-fipa-pta.err", "--sys-clock=4GHz", "--warmup-insts=1000000", "--maxinsts=30000000"], "timeout": 900, "_id": "95c23c19-56a3-4926-823b-b87418f17fbb", "outdir": "/data/home/rwa116/Project/CMPT750-Proj-Benchmark/results/X86/spec2017/602.gcc_s/DerivO3CPU/4K_PerceptronBP_ghs-28_pts-146", "gem5_name": "X86", "script_name": "se", "running": false, "enqueue_time": 1700086505.9239824, "start_time": 1700086505.9316487, "end_time": 1700087096.4149349, "return_code": 0, "kill_reason": "", "status": "Finished", "pid": 641838, "task_id": null, "results": null, "string": "X86 se--cpu-type=DerivO3CPU --caches --l2cache --l1d_size=32kB --l1i_size=32kB --l2_size=512kB --bp-type=PerceptronBP --param=system.cpu[:].branchPred.globalHistorySize=28 --param=system.cpu[:].branchPred.perceptronTableSize=146 --param=system.cpu[:].branchPred.maxWeight=127 --param=system.cpu[:].branchPred.minWeight=-128 --param=system.cpu[:].branchPred.threshold=68 --cmd=/data/home/rwa116/Project/spec/benchspec/CPU/602.gcc_s/build/build_base_mytest-m64.0000/gcc_s --options=gcc-pp.c -O5 -fipa-pta -o gcc-pp.opts-O5_-fipa-pta.s > gcc-pp.opts-O5_-fipa-pta.out 2>> gcc-pp.opts-O5_-fipa-pta.err --sys-clock=4GHz --warmup-insts=1000000 --maxinsts=30000000", "command": ["/data/home/rwa116/Project/CMPT750-Proj/build/X86/gem5.opt", "-re", "--outdir=/data/home/rwa116/Project/CMPT750-Proj-Benchmark/results/X86/spec2017/602.gcc_s/DerivO3CPU/4K_PerceptronBP_ghs-28_pts-146", "/data/home/rwa116/Project/CMPT750-Proj/configs/example/se.py", "--cpu-type=DerivO3CPU", "--caches", "--l2cache", "--l1d_size=32kB", "--l1i_size=32kB", "--l2_size=512kB", "--bp-type=PerceptronBP", "--param=system.cpu[:].branchPred.globalHistorySize=28", "--param=system.cpu[:].branchPred.perceptronTableSize=146", "--param=system.cpu[:].branchPred.maxWeight=127", "--param=system.cpu[:].branchPred.minWeight=-128", "--param=system.cpu[:].branchPred.threshold=68", "--cmd=/data/home/rwa116/Project/spec/benchspec/CPU/602.gcc_s/build/build_base_mytest-m64.0000/gcc_s", "--options=gcc-pp.c -O5 -fipa-pta -o gcc-pp.opts-O5_-fipa-pta.s > gcc-pp.opts-O5_-fipa-pta.out 2>> gcc-pp.opts-O5_-fipa-pta.err", "--sys-clock=4GHz", "--warmup-insts=1000000", "--maxinsts=30000000"], "hash": "bfb5aa66f158896a1db24827447db7a6", "type": "gem5 run", "current_time": 1700087091.4105265}