{"name": "microbench_tests", "gem5_binary": "/data/home/rwa116/Project/CMPT750-Proj/build/X86/gem5.opt", "run_script": "gem5-config/run_micro.py", "params": ["DefaultO3", "Slow", "LTAGE", "microbenchmark/EI/bench.X86"], "timeout": 900, "_id": "1b9fbe3d-d094-43c0-b810-857722401eca", "outdir": "/data/home/rwa116/Project/CMPT750-Proj-Benchmark/results/X86/run_micro/EI/DefaultO3/Slow/LTAGE", "gem5_name": "X86", "script_name": "run_micro", "running": false, "enqueue_time": 1698956579.8026154, "start_time": 1698956579.8584933, "end_time": 1698956584.8879313, "return_code": 0, "kill_reason": "", "status": "Finished", "pid": 2894105, "task_id": null, "results": null, "string": "X86 run_microDefaultO3 Slow LTAGE microbenchmark/EI/bench.X86", "command": ["/data/home/rwa116/Project/CMPT750-Proj/build/X86/gem5.opt", "-re", "--outdir=/data/home/rwa116/Project/CMPT750-Proj-Benchmark/results/X86/run_micro/EI/DefaultO3/Slow/LTAGE", "gem5-config/run_micro.py", "DefaultO3", "Slow", "LTAGE", "microbenchmark/EI/bench.X86"], "hash": "a3489be09b3434002182447fd491e066", "type": "gem5 run", "current_time": 1698956579.8807607}