{"name": "microbench_tests", "gem5_binary": "/data/home/rwa116/Project/CMPT750-Proj/build/X86/gem5.opt", "run_script": "gem5-config/run_micro.py", "params": ["DefaultO3", "Slow", "LTAGE", "/data/home/rwa116/Project/spec/benchspec/CPU/502.gcc_r/build/build_base_mytest-m64.0000/gcc_r", " -I./lib /data/home/rwa116/Project/spec/benchspec/CPU/benchspec/CPU/500.perlbench_r/run/run_base_refrate_mytest-m64.0000/checkspam.pl 2500 5 25 11 150 1 1 1 1"], "timeout": 900, "_id": "a5f369c8-b41b-4d64-9ec7-2e4a36ebcc6c", "outdir": "/data/home/rwa116/Project/CMPT750-Proj-Benchmark/results/X86/run_micro/502.gcc_r/DefaultO3/Slow/LTAGE", "gem5_name": "X86", "script_name": "run_micro", "running": false, "enqueue_time": 1699145984.2420747, "start_time": 1699145984.2866225, "end_time": 1699146009.3276365, "return_code": 0, "kill_reason": "", "status": "Finished", "pid": 3200916, "task_id": null, "results": null, "string": "X86 run_microDefaultO3 Slow LTAGE /data/home/rwa116/Project/spec/benchspec/CPU/502.gcc_r/build/build_base_mytest-m64.0000/gcc_r  -I./lib /data/home/rwa116/Project/spec/benchspec/CPU/benchspec/CPU/500.perlbench_r/run/run_base_refrate_mytest-m64.0000/checkspam.pl 2500 5 25 11 150 1 1 1 1", "command": ["/data/home/rwa116/Project/CMPT750-Proj/build/X86/gem5.opt", "-re", "--outdir=/data/home/rwa116/Project/CMPT750-Proj-Benchmark/results/X86/run_micro/502.gcc_r/DefaultO3/Slow/LTAGE", "gem5-config/run_micro.py", "DefaultO3", "Slow", "LTAGE", "/data/home/rwa116/Project/spec/benchspec/CPU/502.gcc_r/build/build_base_mytest-m64.0000/gcc_r", " -I./lib /data/home/rwa116/Project/spec/benchspec/CPU/benchspec/CPU/500.perlbench_r/run/run_base_refrate_mytest-m64.0000/checkspam.pl 2500 5 25 11 150 1 1 1 1"], "hash": "77997c5cfad9ecc302210531f9b31081", "type": "gem5 run", "current_time": 1699146004.3209534}