{"name": "microbench_tests", "gem5_binary": "/data/home/rwa116/Project/CMPT750-Proj/build/X86/gem5.opt", "run_script": "gem5-config/run_micro.py", "params": ["DefaultO3", "Slow", "PerceptronBP", "/data/home/rwa116/Project/spec/benchspec/CPU/619.lbm_s/build/build_base_mytest-m64.0000/lbm_s", ""], "timeout": 900, "_id": "41b3ae58-12d0-43b4-8913-a28bd1f171a5", "outdir": "/data/home/rwa116/Project/CMPT750-Proj-Benchmark/results/X86/run_micro/619.lbm_s/DefaultO3/Slow/PerceptronBP", "gem5_name": "X86", "script_name": "run_micro", "running": false, "enqueue_time": 1699146507.2448018, "start_time": 1699146507.3071055, "end_time": 1699146517.3297737, "return_code": 1, "kill_reason": "", "status": "Failed", "pid": 3205268, "task_id": null, "results": null, "string": "X86 run_microDefaultO3 Slow PerceptronBP /data/home/rwa116/Project/spec/benchspec/CPU/619.lbm_s/build/build_base_mytest-m64.0000/lbm_s ", "command": ["/data/home/rwa116/Project/CMPT750-Proj/build/X86/gem5.opt", "-re", "--outdir=/data/home/rwa116/Project/CMPT750-Proj-Benchmark/results/X86/run_micro/619.lbm_s/DefaultO3/Slow/PerceptronBP", "gem5-config/run_micro.py", "DefaultO3", "Slow", "PerceptronBP", "/data/home/rwa116/Project/spec/benchspec/CPU/619.lbm_s/build/build_base_mytest-m64.0000/lbm_s", ""], "hash": "390d05a8d4dca122a6b1946c64f4630a", "type": "gem5 run", "current_time": 1699146512.3230581}