{"name": "microbench_tests", "gem5_binary": "/data/home/jiatangz/CMPT750-Proj/build/X86/gem5.opt", "run_script": "/data/home/jiatangz/CMPT750-Proj/configs/example/se.py", "params": ["--cpu-type=DerivO3CPU", "--caches", "--l2cache", "--l1d_size=32kB", "--l1i_size=32kB", "--l2_size=512kB", "--bp-type=LTAGE", "--cmd=/data/home/jiatangz/spec2017/benchspec/CPU/605.mcf_s/build/build_base_mytest-m64.0000/mcf_s", "--options=inp.in  > inp.out 2>> inp.err", "--sys-clock=4GHz", "--warmup-insts=1000000", "--maxinsts=10000000"], "timeout": 900, "_id": "337f99f3-0730-4138-8116-95bcbaf2cc71", "outdir": "/data/home/jiatangz/CMPT750-Proj-Benchmark/results/X86/spec2017/605.mcf_s/DerivO3CPU/LTAGE", "gem5_name": "X86", "script_name": "se", "running": false, "enqueue_time": 1700677080.3973532, "start_time": 1700677080.4004464, "end_time": 1700677215.514652, "return_code": 0, "kill_reason": "", "status": "Finished", "pid": 1470138, "task_id": null, "results": null, "string": "X86 se--cpu-type=DerivO3CPU --caches --l2cache --l1d_size=32kB --l1i_size=32kB --l2_size=512kB --bp-type=LTAGE --cmd=/data/home/jiatangz/spec2017/benchspec/CPU/605.mcf_s/build/build_base_mytest-m64.0000/mcf_s --options=inp.in  > inp.out 2>> inp.err --sys-clock=4GHz --warmup-insts=1000000 --maxinsts=10000000", "command": ["/data/home/jiatangz/CMPT750-Proj/build/X86/gem5.opt", "-re", "--outdir=/data/home/jiatangz/CMPT750-Proj-Benchmark/results/X86/spec2017/605.mcf_s/DerivO3CPU/LTAGE", "/data/home/jiatangz/CMPT750-Proj/configs/example/se.py", "--cpu-type=DerivO3CPU", "--caches", "--l2cache", "--l1d_size=32kB", "--l1i_size=32kB", "--l2_size=512kB", "--bp-type=LTAGE", "--cmd=/data/home/jiatangz/spec2017/benchspec/CPU/605.mcf_s/build/build_base_mytest-m64.0000/mcf_s", "--options=inp.in  > inp.out 2>> inp.err", "--sys-clock=4GHz", "--warmup-insts=1000000", "--maxinsts=10000000"], "hash": "673935a5343f6595178f8c46fd60fd24", "type": "gem5 run", "current_time": 1700677210.5104725}