{"name": "microbench_tests", "gem5_binary": "/data/home/rwa116/Project/CMPT750-Proj/build/X86/gem5.opt", "run_script": "gem5-config/run_micro.py", "params": ["DefaultO3", "Slow", "PerceptronBP", "microbenchmark/DP1f/bench.X86"], "timeout": 900, "_id": "95c74d92-6bb3-4901-8723-9dd385a8d3c9", "outdir": "/data/home/rwa116/Project/CMPT750-Proj-Benchmark/results/X86/run_micro/DP1f/DefaultO3/Slow/PerceptronBP", "gem5_name": "X86", "script_name": "run_micro", "running": false, "enqueue_time": 1698956579.8130376, "start_time": 1698956589.9226604, "end_time": 1698956594.9345021, "return_code": 0, "kill_reason": "", "status": "Finished", "pid": 2894134, "task_id": null, "results": null, "string": "X86 run_microDefaultO3 Slow PerceptronBP microbenchmark/DP1f/bench.X86", "command": ["/data/home/rwa116/Project/CMPT750-Proj/build/X86/gem5.opt", "-re", "--outdir=/data/home/rwa116/Project/CMPT750-Proj-Benchmark/results/X86/run_micro/DP1f/DefaultO3/Slow/PerceptronBP", "gem5-config/run_micro.py", "DefaultO3", "Slow", "PerceptronBP", "microbenchmark/DP1f/bench.X86"], "hash": "7d875ae65a1294aae1c46081f77b58ad", "type": "gem5 run", "current_time": 1698956589.9280658}