{"name": "microbench_tests", "gem5_binary": "/data/home/jiatangz/CMPT750-Proj/build/X86/gem5.opt", "run_script": "/data/home/jiatangz/CMPT750-Proj/configs/example/se.py", "params": ["--cpu-type=TimingSimpleCPU", "--bp-type=LTAGE", "--cmd=/data/home/rwa116/Project/spec/benchspec/CPU/605.mcf_s/build/build_base_mytest-m64.0000/mcf_s", "--options=inp.in  > inp.out 2>> inp.err", "--sys-clock=4GHz", "--warmup-insts=1000000", "--maxinsts=10000000"], "timeout": 900, "_id": "6a70b9c6-2818-4474-890b-a2e108201b81", "outdir": "/data/home/rwa116/Project/CMPT750-Proj-Benchmark/results/X86/spec2017/605.mcf_s/TimingSimpleCPU/LTAGE", "gem5_name": "X86", "script_name": "se", "running": false, "enqueue_time": 1699743376.8968182, "start_time": 1699743376.8993828, "end_time": 1699743457.0680535, "return_code": 0, "kill_reason": "", "status": "Finished", "pid": 3913448, "task_id": null, "results": null, "string": "X86 se--cpu-type=TimingSimpleCPU --bp-type=LTAGE --cmd=/data/home/rwa116/Project/spec/benchspec/CPU/605.mcf_s/build/build_base_mytest-m64.0000/mcf_s --options=inp.in  > inp.out 2>> inp.err --sys-clock=4GHz --warmup-insts=1000000 --maxinsts=10000000", "command": ["/data/home/jiatangz/CMPT750-Proj/build/X86/gem5.opt", "-re", "--outdir=/data/home/rwa116/Project/CMPT750-Proj-Benchmark/results/X86/spec2017/605.mcf_s/TimingSimpleCPU/LTAGE", "/data/home/jiatangz/CMPT750-Proj/configs/example/se.py", "--cpu-type=TimingSimpleCPU", "--bp-type=LTAGE", "--cmd=/data/home/rwa116/Project/spec/benchspec/CPU/605.mcf_s/build/build_base_mytest-m64.0000/mcf_s", "--options=inp.in  > inp.out 2>> inp.err", "--sys-clock=4GHz", "--warmup-insts=1000000", "--maxinsts=10000000"], "hash": "38818dcae9952c74696e5abf47b672ad", "type": "gem5 run", "current_time": 1699743452.0545201}