{"name": "microbench_tests", "gem5_binary": "/data/home/jiatangz/CMPT750-Proj/build/X86/gem5.opt", "run_script": "/data/home/jiatangz/CMPT750-Proj/configs/example/se.py", "params": ["--cpu-type=DerivO3CPU", "--caches", "--l2cache", "--l1d_size=32kB", "--l1i_size=32kB", "--l2_size=512kB", "--bp-type=BiModeBP", "--cmd=/data/home/jiatangz/spec2017/benchspec/CPU/605.mcf_s/build/build_base_mytest-m64.0000/mcf_s", "--options=inp.in  > inp.out 2>> inp.err", "--sys-clock=4GHz", "--warmup-insts=1000000", "--maxinsts=10000000"], "timeout": 900, "_id": "529a13a4-34c0-4117-8689-b54de5015863", "outdir": "/data/home/jiatangz/CMPT750-Proj-Benchmark/results/X86/spec2017/605.mcf_s/DerivO3CPU/BiModeBP", "gem5_name": "X86", "script_name": "se", "running": false, "enqueue_time": 1700677075.3660653, "start_time": 1700677075.3683815, "end_time": 1700677215.4891703, "return_code": 0, "kill_reason": "", "status": "Finished", "pid": 1470133, "task_id": null, "results": null, "string": "X86 se--cpu-type=DerivO3CPU --caches --l2cache --l1d_size=32kB --l1i_size=32kB --l2_size=512kB --bp-type=BiModeBP --cmd=/data/home/jiatangz/spec2017/benchspec/CPU/605.mcf_s/build/build_base_mytest-m64.0000/mcf_s --options=inp.in  > inp.out 2>> inp.err --sys-clock=4GHz --warmup-insts=1000000 --maxinsts=10000000", "command": ["/data/home/jiatangz/CMPT750-Proj/build/X86/gem5.opt", "-re", "--outdir=/data/home/jiatangz/CMPT750-Proj-Benchmark/results/X86/spec2017/605.mcf_s/DerivO3CPU/BiModeBP", "/data/home/jiatangz/CMPT750-Proj/configs/example/se.py", "--cpu-type=DerivO3CPU", "--caches", "--l2cache", "--l1d_size=32kB", "--l1i_size=32kB", "--l2_size=512kB", "--bp-type=BiModeBP", "--cmd=/data/home/jiatangz/spec2017/benchspec/CPU/605.mcf_s/build/build_base_mytest-m64.0000/mcf_s", "--options=inp.in  > inp.out 2>> inp.err", "--sys-clock=4GHz", "--warmup-insts=1000000", "--maxinsts=10000000"], "hash": "029074a917767a43628011aac4bbe0ee", "type": "gem5 run", "current_time": 1700677210.482558}