{"name": "microbench_tests", "gem5_binary": "/data/home/jiatangz/CMPT750-Proj/build/X86/gem5.opt", "run_script": "/data/home/jiatangz/CMPT750-Proj/configs/example/se.py", "params": ["--cpu-type=TimingSimpleCPU", "--bp-type=PerceptronBP", "--cmd=/data/home/rwa116/Project/spec/benchspec/CPU/641.leela_s/build/build_base_mytest-m64.0000/leela_s", "--options=ref.sgf > ref.out 2>> ref.err", "--sys-clock=4GHz", "--warmup-insts=1000000", "--maxinsts=10000000"], "timeout": 900, "_id": "8a72b18d-1586-40ad-a3ee-2f15adab8bcf", "outdir": "/data/home/rwa116/Project/CMPT750-Proj-Benchmark/results/X86/spec2017/641.leela_s/TimingSimpleCPU/PerceptronBP", "gem5_name": "X86", "script_name": "se", "running": false, "enqueue_time": 1699743442.0944657, "start_time": 1699743442.097904, "end_time": 1699743517.1651325, "return_code": 0, "kill_reason": "", "status": "Finished", "pid": 3913589, "task_id": null, "results": null, "string": "X86 se--cpu-type=TimingSimpleCPU --bp-type=PerceptronBP --cmd=/data/home/rwa116/Project/spec/benchspec/CPU/641.leela_s/build/build_base_mytest-m64.0000/leela_s --options=ref.sgf > ref.out 2>> ref.err --sys-clock=4GHz --warmup-insts=1000000 --maxinsts=10000000", "command": ["/data/home/jiatangz/CMPT750-Proj/build/X86/gem5.opt", "-re", "--outdir=/data/home/rwa116/Project/CMPT750-Proj-Benchmark/results/X86/spec2017/641.leela_s/TimingSimpleCPU/PerceptronBP", "/data/home/jiatangz/CMPT750-Proj/configs/example/se.py", "--cpu-type=TimingSimpleCPU", "--bp-type=PerceptronBP", "--cmd=/data/home/rwa116/Project/spec/benchspec/CPU/641.leela_s/build/build_base_mytest-m64.0000/leela_s", "--options=ref.sgf > ref.out 2>> ref.err", "--sys-clock=4GHz", "--warmup-insts=1000000", "--maxinsts=10000000"], "hash": "8161bcfa215cb36338c9a04b7d0127c8", "type": "gem5 run", "current_time": 1699743512.1585205}