{"name": "microbench_tests", "gem5_binary": "/data/home/rwa116/Project/CMPT750-Proj/build/X86/gem5.opt", "run_script": "gem5-config/run_micro.py", "params": ["DefaultO3", "Slow", "AlwaysTakenBP", "microbenchmark/DP1f/bench.X86"], "timeout": 900, "_id": "6bd14677-044e-46f8-80ea-eb7dd41ef217", "outdir": "/data/home/rwa116/Project/CMPT750-Proj-Benchmark/results/X86/run_micro/DP1f/DefaultO3/Slow/AlwaysTakenBP", "gem5_name": "X86", "script_name": "run_micro", "running": false, "enqueue_time": 1698956579.8121588, "start_time": 1698956589.9160788, "end_time": 1698956594.926823, "return_code": 0, "kill_reason": "", "status": "Finished", "pid": 2894133, "task_id": null, "results": null, "string": "X86 run_microDefaultO3 Slow AlwaysTakenBP microbenchmark/DP1f/bench.X86", "command": ["/data/home/rwa116/Project/CMPT750-Proj/build/X86/gem5.opt", "-re", "--outdir=/data/home/rwa116/Project/CMPT750-Proj-Benchmark/results/X86/run_micro/DP1f/DefaultO3/Slow/AlwaysTakenBP", "gem5-config/run_micro.py", "DefaultO3", "Slow", "AlwaysTakenBP", "microbenchmark/DP1f/bench.X86"], "hash": "9e513fbb74fd528a30d786137468c3be", "type": "gem5 run", "current_time": 1698956589.9204943}