{"name": "microbench_tests", "gem5_binary": "/data/home/rwa116/Project/CMPT750-Proj/build/X86/gem5.opt", "run_script": "gem5-config/run_micro.py", "params": ["DefaultO3", "Slow", "PerceptronBP", "microbenchmark/CCl/bench.X86"], "timeout": 900, "_id": "8782c29d-b22c-472b-a98c-30f9c6c17a95", "outdir": "/data/home/rwa116/Project/CMPT750-Proj-Benchmark/results/X86/run_micro/CCl/DefaultO3/Slow/PerceptronBP", "gem5_name": "X86", "script_name": "run_micro", "running": false, "enqueue_time": 1698956579.8100982, "start_time": 1698956584.904682, "end_time": 1698956589.9153311, "return_code": 0, "kill_reason": "", "status": "Finished", "pid": 2894127, "task_id": null, "results": null, "string": "X86 run_microDefaultO3 Slow PerceptronBP microbenchmark/CCl/bench.X86", "command": ["/data/home/rwa116/Project/CMPT750-Proj/build/X86/gem5.opt", "-re", "--outdir=/data/home/rwa116/Project/CMPT750-Proj-Benchmark/results/X86/run_micro/CCl/DefaultO3/Slow/PerceptronBP", "gem5-config/run_micro.py", "DefaultO3", "Slow", "PerceptronBP", "microbenchmark/CCl/bench.X86"], "hash": "6749e861a5bd69fbf0c05f8dd03d9cb0", "type": "gem5 run", "current_time": 1698956584.9090047}