{"name": "microbench_tests", "gem5_binary": "/data/home/rwa116/Project/CMPT750-Proj/build/X86/gem5.opt", "run_script": "gem5-config/run_micro.py", "params": ["DefaultO3", "Slow", "LTAGE", "microbenchmark/CCa/bench.X86"], "timeout": 900, "_id": "c53da304-5349-41dc-a3e9-a83a326cb54a", "outdir": "/data/home/rwa116/Project/CMPT750-Proj-Benchmark/results/X86/run_micro/CCa/DefaultO3/Slow/LTAGE", "gem5_name": "X86", "script_name": "run_micro", "running": false, "enqueue_time": 1698956579.7998006, "start_time": 1698956579.8568788, "end_time": 1698956584.8876874, "return_code": 0, "kill_reason": "", "status": "Finished", "pid": 2894106, "task_id": null, "results": null, "string": "X86 run_microDefaultO3 Slow LTAGE microbenchmark/CCa/bench.X86", "command": ["/data/home/rwa116/Project/CMPT750-Proj/build/X86/gem5.opt", "-re", "--outdir=/data/home/rwa116/Project/CMPT750-Proj-Benchmark/results/X86/run_micro/CCa/DefaultO3/Slow/LTAGE", "gem5-config/run_micro.py", "DefaultO3", "Slow", "LTAGE", "microbenchmark/CCa/bench.X86"], "hash": "a574af84097a028012e670a78085cd8d", "type": "gem5 run", "current_time": 1698956579.8806992}