{"name": "microbench_tests", "gem5_binary": "/data/home/rwa116/Project/CMPT750-Proj/build/X86/gem5.opt", "run_script": "gem5-config/run_micro.py", "params": ["DefaultO3", "Slow", "LTAGE", "microbenchmark/ED1/bench.X86"], "timeout": 900, "_id": "eb21fde1-cd5c-40eb-ab17-3278981be46d", "outdir": "/data/home/rwa116/Project/CMPT750-Proj-Benchmark/results/X86/run_micro/ED1/DefaultO3/Slow/LTAGE", "gem5_name": "X86", "script_name": "run_micro", "running": false, "enqueue_time": 1698956579.796268, "start_time": 1698956579.855717, "end_time": 1698956584.8713987, "return_code": 0, "kill_reason": "", "status": "Finished", "pid": 2894100, "task_id": null, "results": null, "string": "X86 run_microDefaultO3 Slow LTAGE microbenchmark/ED1/bench.X86", "command": ["/data/home/rwa116/Project/CMPT750-Proj/build/X86/gem5.opt", "-re", "--outdir=/data/home/rwa116/Project/CMPT750-Proj-Benchmark/results/X86/run_micro/ED1/DefaultO3/Slow/LTAGE", "gem5-config/run_micro.py", "DefaultO3", "Slow", "LTAGE", "microbenchmark/ED1/bench.X86"], "hash": "b811cef86637a7f592d79066be95ffc2", "type": "gem5 run", "current_time": 1698956579.8634124}