{"name": "microbench_tests", "gem5_binary": "/data/home/rwa116/Project/CMPT750-Proj/build/X86/gem5.opt", "run_script": "gem5-config/run_micro.py", "params": ["DefaultO3", "Slow", "AlwaysTakenBP", "/data/home/rwa116/Project/spec/benchspec/CPU/502.gcc_r/build/build_base_mytest-m64.0000/gcc_r", " -I./lib /data/home/rwa116/Project/spec/benchspec/CPU/benchspec/CPU/500.perlbench_r/run/run_base_refrate_mytest-m64.0000/checkspam.pl 2500 5 25 11 150 1 1 1 1"], "timeout": 900, "_id": "9cc4137a-37ab-4d41-8e89-44caa1bf6d89", "outdir": "/data/home/rwa116/Project/CMPT750-Proj-Benchmark/results/X86/run_micro/502.gcc_r/DefaultO3/Slow/AlwaysTakenBP", "gem5_name": "X86", "script_name": "run_micro", "running": false, "enqueue_time": 1699145984.2433255, "start_time": 1699145984.286554, "end_time": 1699146024.3367395, "return_code": 0, "kill_reason": "", "status": "Finished", "pid": 3200917, "task_id": null, "results": null, "string": "X86 run_microDefaultO3 Slow AlwaysTakenBP /data/home/rwa116/Project/spec/benchspec/CPU/502.gcc_r/build/build_base_mytest-m64.0000/gcc_r  -I./lib /data/home/rwa116/Project/spec/benchspec/CPU/benchspec/CPU/500.perlbench_r/run/run_base_refrate_mytest-m64.0000/checkspam.pl 2500 5 25 11 150 1 1 1 1", "command": ["/data/home/rwa116/Project/CMPT750-Proj/build/X86/gem5.opt", "-re", "--outdir=/data/home/rwa116/Project/CMPT750-Proj-Benchmark/results/X86/run_micro/502.gcc_r/DefaultO3/Slow/AlwaysTakenBP", "gem5-config/run_micro.py", "DefaultO3", "Slow", "AlwaysTakenBP", "/data/home/rwa116/Project/spec/benchspec/CPU/502.gcc_r/build/build_base_mytest-m64.0000/gcc_r", " -I./lib /data/home/rwa116/Project/spec/benchspec/CPU/benchspec/CPU/500.perlbench_r/run/run_base_refrate_mytest-m64.0000/checkspam.pl 2500 5 25 11 150 1 1 1 1"], "hash": "40888995af8b774e339c24240b134a75", "type": "gem5 run", "current_time": 1699146019.3299646}