{"name": "microbench_tests", "gem5_binary": "/data/home/rwa116/Project/CMPT750-Proj/build/X86/gem5.opt", "run_script": "/data/home/rwa116/Project/CMPT750-Proj/configs/example/se.py", "params": ["--cpu-type=DerivO3CPU", "--caches", "--l2cache", "--l1d_size=32kB", "--l1i_size=32kB", "--l2_size=512kB", "--bp-type=PerceptronForestBP", "--param=system.cpu[:].branchPred.globalHistorySize=62", "--param=system.cpu[:].branchPred.perceptronTableSize=555", "--param=system.cpu[:].branchPred.perceptronNum=16", "--param=system.cpu[:].branchPred.maxWeight=128", "--param=system.cpu[:].branchPred.minWeight=-128", "--param=system.cpu[:].branchPred.avgPerceptronLength=14", "--cmd=/data/home/rwa116/Project/spec/benchspec/CPU/602.gcc_s/build/build_base_mytest-m64.0000/gcc_s", "--options=gcc-pp.c -O5 -fipa-pta -o gcc-pp.opts-O5_-fipa-pta.s > gcc-pp.opts-O5_-fipa-pta.out 2>> gcc-pp.opts-O5_-fipa-pta.err", "--sys-clock=4GHz", "--warmup-insts=1000000", "--maxinsts=100000000"], "timeout": 7200, "_id": "18940569-2a0a-4ce2-9982-ed3fa3b2b62c", "outdir": "/data/home/rwa116/Project/CMPT750-Proj-Benchmark/results/100M/X86/spec2017/602.gcc_s/DerivO3CPU/128K_PerceptronForestBP_ghs-14_pts-555_pcr-16", "gem5_name": "X86", "script_name": "se", "running": false, "enqueue_time": 1700680695.262501, "start_time": 1700680695.2653546, "end_time": 1700682917.0549107, "return_code": 0, "kill_reason": "", "status": "Finished", "pid": 1484019, "task_id": null, "results": null, "string": "X86 se--cpu-type=DerivO3CPU --caches --l2cache --l1d_size=32kB --l1i_size=32kB --l2_size=512kB --bp-type=PerceptronForestBP --param=system.cpu[:].branchPred.globalHistorySize=62 --param=system.cpu[:].branchPred.perceptronTableSize=555 --param=system.cpu[:].branchPred.perceptronNum=16 --param=system.cpu[:].branchPred.maxWeight=128 --param=system.cpu[:].branchPred.minWeight=-128 --param=system.cpu[:].branchPred.avgPerceptronLength=14 --cmd=/data/home/rwa116/Project/spec/benchspec/CPU/602.gcc_s/build/build_base_mytest-m64.0000/gcc_s --options=gcc-pp.c -O5 -fipa-pta -o gcc-pp.opts-O5_-fipa-pta.s > gcc-pp.opts-O5_-fipa-pta.out 2>> gcc-pp.opts-O5_-fipa-pta.err --sys-clock=4GHz --warmup-insts=1000000 --maxinsts=100000000", "command": ["/data/home/rwa116/Project/CMPT750-Proj/build/X86/gem5.opt", "-re", "--outdir=/data/home/rwa116/Project/CMPT750-Proj-Benchmark/results/100M/X86/spec2017/602.gcc_s/DerivO3CPU/128K_PerceptronForestBP_ghs-14_pts-555_pcr-16", "/data/home/rwa116/Project/CMPT750-Proj/configs/example/se.py", "--cpu-type=DerivO3CPU", "--caches", "--l2cache", "--l1d_size=32kB", "--l1i_size=32kB", "--l2_size=512kB", "--bp-type=PerceptronForestBP", "--param=system.cpu[:].branchPred.globalHistorySize=62", "--param=system.cpu[:].branchPred.perceptronTableSize=555", "--param=system.cpu[:].branchPred.perceptronNum=16", "--param=system.cpu[:].branchPred.maxWeight=128", "--param=system.cpu[:].branchPred.minWeight=-128", "--param=system.cpu[:].branchPred.avgPerceptronLength=14", "--cmd=/data/home/rwa116/Project/spec/benchspec/CPU/602.gcc_s/build/build_base_mytest-m64.0000/gcc_s", "--options=gcc-pp.c -O5 -fipa-pta -o gcc-pp.opts-O5_-fipa-pta.s > gcc-pp.opts-O5_-fipa-pta.out 2>> gcc-pp.opts-O5_-fipa-pta.err", "--sys-clock=4GHz", "--warmup-insts=1000000", "--maxinsts=100000000"], "hash": "8df2fb6877f6adfbfe6ff48efb6a81f8", "type": "gem5 run", "current_time": 1700682912.050519}