{"name": "microbench_tests", "gem5_binary": "/data/home/rwa116/Project/CMPT750-Proj/build/X86/gem5.opt", "run_script": "/data/home/rwa116/Project/CMPT750-Proj/configs/example/se.py", "params": ["--cpu-type=DerivO3CPU", "--caches", "--l2cache", "--l1d_size=32kB", "--l1i_size=32kB", "--l2_size=512kB", "--bp-type=PerceptronBP", "--param=system.cpu[:].branchPred.globalHistorySize=60", "--param=system.cpu[:].branchPred.perceptronTableSize=1024", "--param=system.cpu[:].branchPred.maxWeight=16384", "--param=system.cpu[:].branchPred.minWeight=-16384", "--param=system.cpu[:].branchPred.threshold=129", "--cmd=/data/home/rwa116/Project/spec/benchspec/CPU/641.leela_s/build/build_base_mytest-m64.0000/leela_s", "--options=ref.sgf > ref.out 2>> ref.err", "--sys-clock=4GHz", "--warmup-insts=1000000", "--maxinsts=10000000"], "timeout": 900, "_id": "cf388bc4-7fc6-4595-9b70-1e289f616c59", "outdir": "/data/home/rwa116/Project/CMPT750-Proj-Benchmark/results/X86/spec2017/641.leela_s/DerivO3CPU/PerceptronBP_ghs-60_pts-1024", "gem5_name": "X86", "script_name": "se", "running": false, "enqueue_time": 1699827070.8499238, "start_time": 1699827070.8537326, "end_time": 1699827226.0399377, "return_code": 0, "kill_reason": "", "status": "Finished", "pid": 4007567, "task_id": null, "results": null, "string": "X86 se--cpu-type=DerivO3CPU --caches --l2cache --l1d_size=32kB --l1i_size=32kB --l2_size=512kB --bp-type=PerceptronBP --param=system.cpu[:].branchPred.globalHistorySize=60 --param=system.cpu[:].branchPred.perceptronTableSize=1024 --param=system.cpu[:].branchPred.maxWeight=16384 --param=system.cpu[:].branchPred.minWeight=-16384 --param=system.cpu[:].branchPred.threshold=129 --cmd=/data/home/rwa116/Project/spec/benchspec/CPU/641.leela_s/build/build_base_mytest-m64.0000/leela_s --options=ref.sgf > ref.out 2>> ref.err --sys-clock=4GHz --warmup-insts=1000000 --maxinsts=10000000", "command": ["/data/home/rwa116/Project/CMPT750-Proj/build/X86/gem5.opt", "-re", "--outdir=/data/home/rwa116/Project/CMPT750-Proj-Benchmark/results/X86/spec2017/641.leela_s/DerivO3CPU/PerceptronBP_ghs-60_pts-1024", "/data/home/rwa116/Project/CMPT750-Proj/configs/example/se.py", "--cpu-type=DerivO3CPU", "--caches", "--l2cache", "--l1d_size=32kB", "--l1i_size=32kB", "--l2_size=512kB", "--bp-type=PerceptronBP", "--param=system.cpu[:].branchPred.globalHistorySize=60", "--param=system.cpu[:].branchPred.perceptronTableSize=1024", "--param=system.cpu[:].branchPred.maxWeight=16384", "--param=system.cpu[:].branchPred.minWeight=-16384", "--param=system.cpu[:].branchPred.threshold=129", "--cmd=/data/home/rwa116/Project/spec/benchspec/CPU/641.leela_s/build/build_base_mytest-m64.0000/leela_s", "--options=ref.sgf > ref.out 2>> ref.err", "--sys-clock=4GHz", "--warmup-insts=1000000", "--maxinsts=10000000"], "hash": "30bbeeaf6572c789d3b3a683a3f036d8", "type": "gem5 run", "current_time": 1699827221.0329878}