{"name": "microbench_tests", "gem5_binary": "/data/home/rwa116/Project/CMPT750-Proj/build/X86/gem5.opt", "run_script": "/data/home/rwa116/Project/CMPT750-Proj/configs/example/se.py", "params": ["--cpu-type=DerivO3CPU", "--caches", "--l2cache", "--l1d_size=32kB", "--l1i_size=32kB", "--l2_size=512kB", "--bp-type=PerceptronForestBP", "--param=system.cpu[:].branchPred.globalHistorySize=124", "--param=system.cpu[:].branchPred.perceptronTableSize=910", "--param=system.cpu[:].branchPred.perceptronNum=4", "--param=system.cpu[:].branchPred.maxWeight=128", "--param=system.cpu[:].branchPred.minWeight=-128", "--param=system.cpu[:].branchPred.avgPerceptronLength=36", "--cmd=/data/home/rwa116/Project/spec/benchspec/CPU/605.mcf_s/build/build_base_mytest-m64.0000/mcf_s", "--options=inp.in  > inp.out 2>> inp.err", "--sys-clock=4GHz", "--warmup-insts=1000000", "--maxinsts=100000000"], "timeout": 7200, "_id": "893b7623-e22a-4f92-a451-727a5f3b97e7", "outdir": "/data/home/rwa116/Project/CMPT750-Proj-Benchmark/results/100M/X86/spec2017/605.mcf_s/DerivO3CPU/128K_PerceptronForestBP_ghs-36_pts-910_pcr-4", "gem5_name": "X86", "script_name": "se", "running": false, "enqueue_time": 1700710383.271837, "start_time": 1700710383.2749376, "end_time": 1700711940.1867878, "return_code": 0, "kill_reason": "", "status": "Finished", "pid": 1504790, "task_id": null, "results": null, "string": "X86 se--cpu-type=DerivO3CPU --caches --l2cache --l1d_size=32kB --l1i_size=32kB --l2_size=512kB --bp-type=PerceptronForestBP --param=system.cpu[:].branchPred.globalHistorySize=124 --param=system.cpu[:].branchPred.perceptronTableSize=910 --param=system.cpu[:].branchPred.perceptronNum=4 --param=system.cpu[:].branchPred.maxWeight=128 --param=system.cpu[:].branchPred.minWeight=-128 --param=system.cpu[:].branchPred.avgPerceptronLength=36 --cmd=/data/home/rwa116/Project/spec/benchspec/CPU/605.mcf_s/build/build_base_mytest-m64.0000/mcf_s --options=inp.in  > inp.out 2>> inp.err --sys-clock=4GHz --warmup-insts=1000000 --maxinsts=100000000", "command": ["/data/home/rwa116/Project/CMPT750-Proj/build/X86/gem5.opt", "-re", "--outdir=/data/home/rwa116/Project/CMPT750-Proj-Benchmark/results/100M/X86/spec2017/605.mcf_s/DerivO3CPU/128K_PerceptronForestBP_ghs-36_pts-910_pcr-4", "/data/home/rwa116/Project/CMPT750-Proj/configs/example/se.py", "--cpu-type=DerivO3CPU", "--caches", "--l2cache", "--l1d_size=32kB", "--l1i_size=32kB", "--l2_size=512kB", "--bp-type=PerceptronForestBP", "--param=system.cpu[:].branchPred.globalHistorySize=124", "--param=system.cpu[:].branchPred.perceptronTableSize=910", "--param=system.cpu[:].branchPred.perceptronNum=4", "--param=system.cpu[:].branchPred.maxWeight=128", "--param=system.cpu[:].branchPred.minWeight=-128", "--param=system.cpu[:].branchPred.avgPerceptronLength=36", "--cmd=/data/home/rwa116/Project/spec/benchspec/CPU/605.mcf_s/build/build_base_mytest-m64.0000/mcf_s", "--options=inp.in  > inp.out 2>> inp.err", "--sys-clock=4GHz", "--warmup-insts=1000000", "--maxinsts=100000000"], "hash": "fc5c237e99dab9239fa8c8c69f7fe033", "type": "gem5 run", "current_time": 1700711935.1824799}