{"name": "microbench_tests", "gem5_binary": "/data/home/rwa116/Project/CMPT750-Proj/build/X86/gem5.opt", "run_script": "/data/home/rwa116/Project/CMPT750-Proj/configs/example/se.py", "params": ["--cpu-type=DerivO3CPU", "--caches", "--l2cache", "--l1d_size=32kB", "--l1i_size=32kB", "--l2_size=512kB", "--bp-type=BiModeBP", "--param=system.cpu[:].branchPred.choicePredictorSize=32768", "--param=system.cpu[:].branchPred.globalPredictorSize=32768", "--cmd=/data/home/rwa116/Project/spec/benchspec/CPU/605.mcf_s/build/build_base_mytest-m64.0000/mcf_s", "--options=inp.in  > inp.out 2>> inp.err", "--sys-clock=4GHz", "--warmup-insts=1000000", "--maxinsts=10000000"], "timeout": 7200, "_id": "7d2b6c2c-45d9-45df-99db-8c906e35f42e", "outdir": "/data/home/rwa116/Project/CMPT750-Proj-Benchmark/results/10M/X86/spec2017/605.mcf_s/DerivO3CPU/32K_BiModeBP", "gem5_name": "X86", "script_name": "se", "running": false, "enqueue_time": 1700172778.5225658, "start_time": 1700172778.5235486, "end_time": 1700172908.7468379, "return_code": 0, "kill_reason": "", "status": "Finished", "pid": 742682, "task_id": null, "results": null, "string": "X86 se--cpu-type=DerivO3CPU --caches --l2cache --l1d_size=32kB --l1i_size=32kB --l2_size=512kB --bp-type=BiModeBP --param=system.cpu[:].branchPred.choicePredictorSize=32768 --param=system.cpu[:].branchPred.globalPredictorSize=32768 --cmd=/data/home/rwa116/Project/spec/benchspec/CPU/605.mcf_s/build/build_base_mytest-m64.0000/mcf_s --options=inp.in  > inp.out 2>> inp.err --sys-clock=4GHz --warmup-insts=1000000 --maxinsts=10000000", "command": ["/data/home/rwa116/Project/CMPT750-Proj/build/X86/gem5.opt", "-re", "--outdir=/data/home/rwa116/Project/CMPT750-Proj-Benchmark/results/10M/X86/spec2017/605.mcf_s/DerivO3CPU/32K_BiModeBP", "/data/home/rwa116/Project/CMPT750-Proj/configs/example/se.py", "--cpu-type=DerivO3CPU", "--caches", "--l2cache", "--l1d_size=32kB", "--l1i_size=32kB", "--l2_size=512kB", "--bp-type=BiModeBP", "--param=system.cpu[:].branchPred.choicePredictorSize=32768", "--param=system.cpu[:].branchPred.globalPredictorSize=32768", "--cmd=/data/home/rwa116/Project/spec/benchspec/CPU/605.mcf_s/build/build_base_mytest-m64.0000/mcf_s", "--options=inp.in  > inp.out 2>> inp.err", "--sys-clock=4GHz", "--warmup-insts=1000000", "--maxinsts=10000000"], "hash": "f65346e4e731dbff29c1034244ebbeb5", "type": "gem5 run", "current_time": 1700172903.7425234}