{"name": "microbench_tests", "gem5_binary": "/data/home/rwa116/Project/CMPT750-Proj/build/X86/gem5.opt", "run_script": "/data/home/rwa116/Project/CMPT750-Proj/configs/example/se.py", "params": ["--cpu-type=DerivO3CPU", "--caches", "--l2cache", "--l1d_size=32kB", "--l1i_size=32kB", "--l2_size=512kB", "--bp-type=PerceptronBP", "--param=system.cpu[:].branchPred.globalHistorySize=12", "--param=system.cpu[:].branchPred.perceptronTableSize=85", "--param=system.cpu[:].branchPred.maxWeight=127", "--param=system.cpu[:].branchPred.minWeight=-128", "--param=system.cpu[:].branchPred.threshold=37", "--cmd=/data/home/rwa116/Project/spec/benchspec/CPU/641.leela_s/build/build_base_mytest-m64.0000/leela_s", "--options=ref.sgf > ref.out 2>> ref.err", "--sys-clock=4GHz", "--warmup-insts=1000000", "--maxinsts=100000000"], "timeout": 7200, "_id": "caeaf094-33bc-4259-b704-6d78ce3a9784", "outdir": "/data/home/rwa116/Project/CMPT750-Proj-Benchmark/results/100M/X86/spec2017/641.leela_s/DerivO3CPU/1K_PerceptronBP_ghs-12_pts-85", "gem5_name": "X86", "script_name": "se", "running": false, "enqueue_time": 1700198274.7843866, "start_time": 1700198274.7872093, "end_time": 1700199336.8329172, "return_code": 0, "kill_reason": "", "status": "Finished", "pid": 841494, "task_id": null, "results": null, "string": "X86 se--cpu-type=DerivO3CPU --caches --l2cache --l1d_size=32kB --l1i_size=32kB --l2_size=512kB --bp-type=PerceptronBP --param=system.cpu[:].branchPred.globalHistorySize=12 --param=system.cpu[:].branchPred.perceptronTableSize=85 --param=system.cpu[:].branchPred.maxWeight=127 --param=system.cpu[:].branchPred.minWeight=-128 --param=system.cpu[:].branchPred.threshold=37 --cmd=/data/home/rwa116/Project/spec/benchspec/CPU/641.leela_s/build/build_base_mytest-m64.0000/leela_s --options=ref.sgf > ref.out 2>> ref.err --sys-clock=4GHz --warmup-insts=1000000 --maxinsts=100000000", "command": ["/data/home/rwa116/Project/CMPT750-Proj/build/X86/gem5.opt", "-re", "--outdir=/data/home/rwa116/Project/CMPT750-Proj-Benchmark/results/100M/X86/spec2017/641.leela_s/DerivO3CPU/1K_PerceptronBP_ghs-12_pts-85", "/data/home/rwa116/Project/CMPT750-Proj/configs/example/se.py", "--cpu-type=DerivO3CPU", "--caches", "--l2cache", "--l1d_size=32kB", "--l1i_size=32kB", "--l2_size=512kB", "--bp-type=PerceptronBP", "--param=system.cpu[:].branchPred.globalHistorySize=12", "--param=system.cpu[:].branchPred.perceptronTableSize=85", "--param=system.cpu[:].branchPred.maxWeight=127", "--param=system.cpu[:].branchPred.minWeight=-128", "--param=system.cpu[:].branchPred.threshold=37", "--cmd=/data/home/rwa116/Project/spec/benchspec/CPU/641.leela_s/build/build_base_mytest-m64.0000/leela_s", "--options=ref.sgf > ref.out 2>> ref.err", "--sys-clock=4GHz", "--warmup-insts=1000000", "--maxinsts=100000000"], "hash": "7f5f06b70d91aa7ecc8a234f26a26722", "type": "gem5 run", "current_time": 1700199331.8272161}