{"name": "microbench_tests", "gem5_binary": "/data/home/rwa116/Project/CMPT750-Proj/build/X86/gem5.opt", "run_script": "/data/home/rwa116/Project/CMPT750-Proj/configs/example/se.py", "params": ["--cpu-type=DerivO3CPU", "--caches", "--l2cache", "--l1d_size=32kB", "--l1i_size=32kB", "--l2_size=512kB", "--bp-type=PerceptronForestBP", "--param=system.cpu[:].branchPred.globalHistorySize=62", "--param=system.cpu[:].branchPred.perceptronTableSize=364", "--param=system.cpu[:].branchPred.perceptronNum=10", "--param=system.cpu[:].branchPred.maxWeight=128", "--param=system.cpu[:].branchPred.minWeight=-128", "--param=system.cpu[:].branchPred.avgPerceptronLength=36", "--cmd=/data/home/rwa116/Project/spec/benchspec/CPU/605.mcf_s/build/build_base_mytest-m64.0000/mcf_s", "--options=inp.in  > inp.out 2>> inp.err", "--sys-clock=4GHz", "--warmup-insts=1000000", "--maxinsts=100000000"], "timeout": 7200, "_id": "8270ccdc-eae9-4ffe-9b25-ba3dbc4dc994", "outdir": "/data/home/rwa116/Project/CMPT750-Proj-Benchmark/results/100M/X86/spec2017/605.mcf_s/DerivO3CPU/128K_PerceptronForestBP_ghs-36_pts-364_pcr-10-sgh", "gem5_name": "X86", "script_name": "se", "running": false, "enqueue_time": 1700690684.2806134, "start_time": 1700690684.2832382, "end_time": 1700692607.3400998, "return_code": 0, "kill_reason": "", "status": "Finished", "pid": 1491606, "task_id": null, "results": null, "string": "X86 se--cpu-type=DerivO3CPU --caches --l2cache --l1d_size=32kB --l1i_size=32kB --l2_size=512kB --bp-type=PerceptronForestBP --param=system.cpu[:].branchPred.globalHistorySize=62 --param=system.cpu[:].branchPred.perceptronTableSize=364 --param=system.cpu[:].branchPred.perceptronNum=10 --param=system.cpu[:].branchPred.maxWeight=128 --param=system.cpu[:].branchPred.minWeight=-128 --param=system.cpu[:].branchPred.avgPerceptronLength=36 --cmd=/data/home/rwa116/Project/spec/benchspec/CPU/605.mcf_s/build/build_base_mytest-m64.0000/mcf_s --options=inp.in  > inp.out 2>> inp.err --sys-clock=4GHz --warmup-insts=1000000 --maxinsts=100000000", "command": ["/data/home/rwa116/Project/CMPT750-Proj/build/X86/gem5.opt", "-re", "--outdir=/data/home/rwa116/Project/CMPT750-Proj-Benchmark/results/100M/X86/spec2017/605.mcf_s/DerivO3CPU/128K_PerceptronForestBP_ghs-36_pts-364_pcr-10-sgh", "/data/home/rwa116/Project/CMPT750-Proj/configs/example/se.py", "--cpu-type=DerivO3CPU", "--caches", "--l2cache", "--l1d_size=32kB", "--l1i_size=32kB", "--l2_size=512kB", "--bp-type=PerceptronForestBP", "--param=system.cpu[:].branchPred.globalHistorySize=62", "--param=system.cpu[:].branchPred.perceptronTableSize=364", "--param=system.cpu[:].branchPred.perceptronNum=10", "--param=system.cpu[:].branchPred.maxWeight=128", "--param=system.cpu[:].branchPred.minWeight=-128", "--param=system.cpu[:].branchPred.avgPerceptronLength=36", "--cmd=/data/home/rwa116/Project/spec/benchspec/CPU/605.mcf_s/build/build_base_mytest-m64.0000/mcf_s", "--options=inp.in  > inp.out 2>> inp.err", "--sys-clock=4GHz", "--warmup-insts=1000000", "--maxinsts=100000000"], "hash": "2097cfe373cda857b5d2c66b3cd51885", "type": "gem5 run", "current_time": 1700692602.3304973}