{"name": "microbench_tests", "gem5_binary": "/data/home/rwa116/Project/CMPT750-Proj/build/X86/gem5.opt", "run_script": "gem5-config/run_micro.py", "params": ["DefaultO3", "Slow", "AlwaysTakenBP", "microbenchmark/ED1/bench.X86"], "timeout": 900, "_id": "8137d141-bad0-4277-9de6-2c79a5c27a56", "outdir": "/data/home/rwa116/Project/CMPT750-Proj-Benchmark/results/X86/run_micro/ED1/DefaultO3/Slow/AlwaysTakenBP", "gem5_name": "X86", "script_name": "run_micro", "running": false, "enqueue_time": 1698956579.797658, "start_time": 1698956579.856706, "end_time": 1698956584.8705218, "return_code": 0, "kill_reason": "", "status": "Finished", "pid": 2894099, "task_id": null, "results": null, "string": "X86 run_microDefaultO3 Slow AlwaysTakenBP microbenchmark/ED1/bench.X86", "command": ["/data/home/rwa116/Project/CMPT750-Proj/build/X86/gem5.opt", "-re", "--outdir=/data/home/rwa116/Project/CMPT750-Proj-Benchmark/results/X86/run_micro/ED1/DefaultO3/Slow/AlwaysTakenBP", "gem5-config/run_micro.py", "DefaultO3", "Slow", "AlwaysTakenBP", "microbenchmark/ED1/bench.X86"], "hash": "ae31a9717d27b276893e4678bbe1b77c", "type": "gem5 run", "current_time": 1698956579.8628478}