{"name": "microbench_tests", "gem5_binary": "/data/home/rwa116/Project/CMPT750-Proj/build/X86/gem5.opt", "run_script": "gem5-config/run_micro.py", "params": ["DefaultO3", "Slow", "PerceptronBP", "/data/home/rwa116/Project/spec/benchspec/CPU/502.gcc_r/build/build_base_mytest-m64.0000/gcc_r", " -I./lib /data/home/rwa116/Project/spec/benchspec/CPU/benchspec/CPU/500.perlbench_r/run/run_base_refrate_mytest-m64.0000/checkspam.pl 2500 5 25 11 150 1 1 1 1"], "timeout": 900, "_id": "dee1d34e-7265-4e3f-ae88-8eb140f0dc0b", "outdir": "/data/home/rwa116/Project/CMPT750-Proj-Benchmark/results/X86/run_micro/502.gcc_r/DefaultO3/Slow/PerceptronBP", "gem5_name": "X86", "script_name": "run_micro", "running": false, "enqueue_time": 1699145984.244241, "start_time": 1699145984.2880044, "end_time": 1699146009.3275979, "return_code": 0, "kill_reason": "", "status": "Finished", "pid": 3200919, "task_id": null, "results": null, "string": "X86 run_microDefaultO3 Slow PerceptronBP /data/home/rwa116/Project/spec/benchspec/CPU/502.gcc_r/build/build_base_mytest-m64.0000/gcc_r  -I./lib /data/home/rwa116/Project/spec/benchspec/CPU/benchspec/CPU/500.perlbench_r/run/run_base_refrate_mytest-m64.0000/checkspam.pl 2500 5 25 11 150 1 1 1 1", "command": ["/data/home/rwa116/Project/CMPT750-Proj/build/X86/gem5.opt", "-re", "--outdir=/data/home/rwa116/Project/CMPT750-Proj-Benchmark/results/X86/run_micro/502.gcc_r/DefaultO3/Slow/PerceptronBP", "gem5-config/run_micro.py", "DefaultO3", "Slow", "PerceptronBP", "/data/home/rwa116/Project/spec/benchspec/CPU/502.gcc_r/build/build_base_mytest-m64.0000/gcc_r", " -I./lib /data/home/rwa116/Project/spec/benchspec/CPU/benchspec/CPU/500.perlbench_r/run/run_base_refrate_mytest-m64.0000/checkspam.pl 2500 5 25 11 150 1 1 1 1"], "hash": "8d2aaa13c37085bb4a7cbbe141c8da8b", "type": "gem5 run", "current_time": 1699146004.3208382}