{"name": "microbench_tests", "gem5_binary": "/data/home/rwa116/Project/CMPT750-Proj/build/X86/gem5.opt", "run_script": "/data/home/rwa116/Project/CMPT750-Proj/configs/example/se.py", "params": ["--cpu-type=DerivO3CPU", "--caches", "--l2cache", "--l1d_size=32kB", "--l1i_size=32kB", "--l2_size=512kB", "--bp-type=PerceptronForestBP", "--param=system.cpu[:].branchPred.globalHistorySize=62", "--param=system.cpu[:].branchPred.perceptronTableSize=555", "--param=system.cpu[:].branchPred.perceptronNum=16", "--param=system.cpu[:].branchPred.maxWeight=128", "--param=system.cpu[:].branchPred.minWeight=-128", "--param=system.cpu[:].branchPred.avgPerceptronLength=14", "--cmd=/data/home/rwa116/Project/spec/benchspec/CPU/625.x264_s/build/build_base_mytest-m64.0000/x264_s", "--options=--pass 1 --stats x264_stats.log --bitrate 1000 --frames 1000 -o BuckBunny_New.264 BuckBunny.264 1280x720 > run_000-1000_x264_s_base.mytest-m64_x264_pass1.out 2>> run_000-1000_x264_s_base.mytest-m64_x264_pass1.err", "--sys-clock=4GHz", "--warmup-insts=1000000", "--maxinsts=100000000"], "timeout": 7200, "_id": "8cab736e-c729-4e5d-a16f-b679b4b7c0da", "outdir": "/data/home/rwa116/Project/CMPT750-Proj-Benchmark/results/100M/X86/spec2017/625.x264_s/DerivO3CPU/128K_PerceptronForestBP_ghs-14_pts-555_pcr-16", "gem5_name": "X86", "script_name": "se", "running": false, "enqueue_time": 1700680695.2706487, "start_time": 1700680695.274974, "end_time": 1700682086.418818, "return_code": 0, "kill_reason": "", "status": "Finished", "pid": 1484024, "task_id": null, "results": null, "string": "X86 se--cpu-type=DerivO3CPU --caches --l2cache --l1d_size=32kB --l1i_size=32kB --l2_size=512kB --bp-type=PerceptronForestBP --param=system.cpu[:].branchPred.globalHistorySize=62 --param=system.cpu[:].branchPred.perceptronTableSize=555 --param=system.cpu[:].branchPred.perceptronNum=16 --param=system.cpu[:].branchPred.maxWeight=128 --param=system.cpu[:].branchPred.minWeight=-128 --param=system.cpu[:].branchPred.avgPerceptronLength=14 --cmd=/data/home/rwa116/Project/spec/benchspec/CPU/625.x264_s/build/build_base_mytest-m64.0000/x264_s --options=--pass 1 --stats x264_stats.log --bitrate 1000 --frames 1000 -o BuckBunny_New.264 BuckBunny.264 1280x720 > run_000-1000_x264_s_base.mytest-m64_x264_pass1.out 2>> run_000-1000_x264_s_base.mytest-m64_x264_pass1.err --sys-clock=4GHz --warmup-insts=1000000 --maxinsts=100000000", "command": ["/data/home/rwa116/Project/CMPT750-Proj/build/X86/gem5.opt", "-re", "--outdir=/data/home/rwa116/Project/CMPT750-Proj-Benchmark/results/100M/X86/spec2017/625.x264_s/DerivO3CPU/128K_PerceptronForestBP_ghs-14_pts-555_pcr-16", "/data/home/rwa116/Project/CMPT750-Proj/configs/example/se.py", "--cpu-type=DerivO3CPU", "--caches", "--l2cache", "--l1d_size=32kB", "--l1i_size=32kB", "--l2_size=512kB", "--bp-type=PerceptronForestBP", "--param=system.cpu[:].branchPred.globalHistorySize=62", "--param=system.cpu[:].branchPred.perceptronTableSize=555", "--param=system.cpu[:].branchPred.perceptronNum=16", "--param=system.cpu[:].branchPred.maxWeight=128", "--param=system.cpu[:].branchPred.minWeight=-128", "--param=system.cpu[:].branchPred.avgPerceptronLength=14", "--cmd=/data/home/rwa116/Project/spec/benchspec/CPU/625.x264_s/build/build_base_mytest-m64.0000/x264_s", "--options=--pass 1 --stats x264_stats.log --bitrate 1000 --frames 1000 -o BuckBunny_New.264 BuckBunny.264 1280x720 > run_000-1000_x264_s_base.mytest-m64_x264_pass1.out 2>> run_000-1000_x264_s_base.mytest-m64_x264_pass1.err", "--sys-clock=4GHz", "--warmup-insts=1000000", "--maxinsts=100000000"], "hash": "5c88e33cf1acc63f0f10cb593b9f591e", "type": "gem5 run", "current_time": 1700682081.414506}